dzien,data,Pięcioksiąg i historyczne,Prorocy,Mądrościowe,Psalm,Ewangelie i Dzieje,Listy i Apokalipsa,znaki,linki
1,2026-08-11,Rdz 1-2,Iz 1,,,Mt 1,,12885,https://biblia.deon.pl/otworz.php?skrot=Rdz%201 https://biblia.deon.pl/otworz.php?skrot=Rdz%202 https://biblia.deon.pl/otworz.php?skrot=Iz%201 https://biblia.deon.pl/otworz.php?skrot=Mt%201
2,2026-08-12,Rdz 3,,Hi 1,Ps 1,,Rz 1,10830,https://biblia.deon.pl/otworz.php?skrot=Rdz%203 https://biblia.deon.pl/otworz.php?skrot=Hi%201 https://biblia.deon.pl/otworz.php?skrot=Ps%201 https://biblia.deon.pl/otworz.php?skrot=Rz%201
3,2026-08-13,Rdz 4-5,Iz 2,,Ps 2,Mt 2,,11688,https://biblia.deon.pl/otworz.php?skrot=Rdz%204 https://biblia.deon.pl/otworz.php?skrot=Rdz%205 https://biblia.deon.pl/otworz.php?skrot=Iz%202 https://biblia.deon.pl/otworz.php?skrot=Ps%202 https://biblia.deon.pl/otworz.php?skrot=Mt%202
4,2026-08-14,Rdz 6-7,Iz 3-4,Hi 2,,Mt 3,,12281,https://biblia.deon.pl/otworz.php?skrot=Rdz%206 https://biblia.deon.pl/otworz.php?skrot=Rdz%207 https://biblia.deon.pl/otworz.php?skrot=Iz%203 https://biblia.deon.pl/otworz.php?skrot=Iz%204 https://biblia.deon.pl/otworz.php?skrot=Hi%202 https://biblia.deon.pl/otworz.php?skrot=Mt%203
5,2026-08-15,Rdz 8-10,Iz 5,,,,,11905,https://biblia.deon.pl/otworz.php?skrot=Rdz%208 https://biblia.deon.pl/otworz.php?skrot=Rdz%209 https://biblia.deon.pl/otworz.php?skrot=Rdz%2010 https://biblia.deon.pl/otworz.php?skrot=Iz%205
6,2026-08-16,Rdz 11,,Hi 3,,Mt 4,Rz 2,11282,https://biblia.deon.pl/otworz.php?skrot=Rdz%2011 https://biblia.deon.pl/otworz.php?skrot=Hi%203 https://biblia.deon.pl/otworz.php?skrot=Mt%204 https://biblia.deon.pl/otworz.php?skrot=Rz%202
7,2026-08-17,Rdz 12-13,Iz 6-7,Hi 4,Ps 3,,,11306,https://biblia.deon.pl/otworz.php?skrot=Rdz%2012 https://biblia.deon.pl/otworz.php?skrot=Rdz%2013 https://biblia.deon.pl/otworz.php?skrot=Iz%206 https://biblia.deon.pl/otworz.php?skrot=Iz%207 https://biblia.deon.pl/otworz.php?skrot=Hi%204 https://biblia.deon.pl/otworz.php?skrot=Ps%203
8,2026-08-18,Rdz 14-16,Iz 8,Hi 5,,,,12510,https://biblia.deon.pl/otworz.php?skrot=Rdz%2014 https://biblia.deon.pl/otworz.php?skrot=Rdz%2015 https://biblia.deon.pl/otworz.php?skrot=Rdz%2016 https://biblia.deon.pl/otworz.php?skrot=Iz%208 https://biblia.deon.pl/otworz.php?skrot=Hi%205
9,2026-08-19,Rdz 17,,,Ps 4,Mt 5,Rz 3,12900,https://biblia.deon.pl/otworz.php?skrot=Rdz%2017 https://biblia.deon.pl/otworz.php?skrot=Ps%204 https://biblia.deon.pl/otworz.php?skrot=Mt%205 https://biblia.deon.pl/otworz.php?skrot=Rz%203
10,2026-08-20,Rdz 18,Iz 9-10,,Ps 5,,,12021,https://biblia.deon.pl/otworz.php?skrot=Rdz%2018 https://biblia.deon.pl/otworz.php?skrot=Iz%209 https://biblia.deon.pl/otworz.php?skrot=Iz%2010 https://biblia.deon.pl/otworz.php?skrot=Ps%205
11,2026-08-21,Rdz 19-20,,Hi 6-7,,,,11204,https://biblia.deon.pl/otworz.php?skrot=Rdz%2019 https://biblia.deon.pl/otworz.php?skrot=Rdz%2020 https://biblia.deon.pl/otworz.php?skrot=Hi%206 https://biblia.deon.pl/otworz.php?skrot=Hi%207
12,2026-08-22,Rdz 21,,,Ps 6,Mt 6,Rz 4,11801,https://biblia.deon.pl/otworz.php?skrot=Rdz%2021 https://biblia.deon.pl/otworz.php?skrot=Ps%206 https://biblia.deon.pl/otworz.php?skrot=Mt%206 https://biblia.deon.pl/otworz.php?skrot=Rz%204
13,2026-08-23,Rdz 22-23,Iz 11-13,Hi 8,,,,11899,https://biblia.deon.pl/otworz.php?skrot=Rdz%2022 https://biblia.deon.pl/otworz.php?skrot=Rdz%2023 https://biblia.deon.pl/otworz.php?skrot=Iz%2011 https://biblia.deon.pl/otworz.php?skrot=Iz%2012 https://biblia.deon.pl/otworz.php?skrot=Iz%2013 https://biblia.deon.pl/otworz.php?skrot=Hi%208
14,2026-08-24,Rdz 24,,Hi 9,,,Rz 5,13586,https://biblia.deon.pl/otworz.php?skrot=Rdz%2024 https://biblia.deon.pl/otworz.php?skrot=Hi%209 https://biblia.deon.pl/otworz.php?skrot=Rz%205
15,2026-08-25,Rdz 25,Iz 14,,Ps 7,Mt 7,,12273,https://biblia.deon.pl/otworz.php?skrot=Rdz%2025 https://biblia.deon.pl/otworz.php?skrot=Iz%2014 https://biblia.deon.pl/otworz.php?skrot=Ps%207 https://biblia.deon.pl/otworz.php?skrot=Mt%207
16,2026-08-26,Rdz 26,Iz 15-16,,,Mt 8,,10853,https://biblia.deon.pl/otworz.php?skrot=Rdz%2026 https://biblia.deon.pl/otworz.php?skrot=Iz%2015 https://biblia.deon.pl/otworz.php?skrot=Iz%2016 https://biblia.deon.pl/otworz.php?skrot=Mt%208
17,2026-08-27,Rdz 27,,Hi 10-11,,,Rz 6,11956,https://biblia.deon.pl/otworz.php?skrot=Rdz%2027 https://biblia.deon.pl/otworz.php?skrot=Hi%2010 https://biblia.deon.pl/otworz.php?skrot=Hi%2011 https://biblia.deon.pl/otworz.php?skrot=Rz%206
18,2026-08-28,Rdz 28-29,Iz 17-18,,Ps 8,,,10654,https://biblia.deon.pl/otworz.php?skrot=Rdz%2028 https://biblia.deon.pl/otworz.php?skrot=Rdz%2029 https://biblia.deon.pl/otworz.php?skrot=Iz%2017 https://biblia.deon.pl/otworz.php?skrot=Iz%2018 https://biblia.deon.pl/otworz.php?skrot=Ps%208
19,2026-08-29,Rdz 30,Iz 19,,,Mt 9,,12405,https://biblia.deon.pl/otworz.php?skrot=Rdz%2030 https://biblia.deon.pl/otworz.php?skrot=Iz%2019 https://biblia.deon.pl/otworz.php?skrot=Mt%209
20,2026-08-30,Rdz 31,Iz 20,,Ps 9,,Rz 7,12703,https://biblia.deon.pl/otworz.php?skrot=Rdz%2031 https://biblia.deon.pl/otworz.php?skrot=Iz%2020 https://biblia.deon.pl/otworz.php?skrot=Ps%209 https://biblia.deon.pl/otworz.php?skrot=Rz%207
21,2026-08-31,Rdz 32-33,Iz 21,Hi 12-13,,,,11971,https://biblia.deon.pl/otworz.php?skrot=Rdz%2032 https://biblia.deon.pl/otworz.php?skrot=Rdz%2033 https://biblia.deon.pl/otworz.php?skrot=Iz%2021 https://biblia.deon.pl/otworz.php?skrot=Hi%2012 https://biblia.deon.pl/otworz.php?skrot=Hi%2013
22,2026-09-01,Rdz 34,Iz 22,,Ps 10,Mt 10,,13184,https://biblia.deon.pl/otworz.php?skrot=Rdz%2034 https://biblia.deon.pl/otworz.php?skrot=Iz%2022 https://biblia.deon.pl/otworz.php?skrot=Ps%2010 https://biblia.deon.pl/otworz.php?skrot=Mt%2010
23,2026-09-02,Rdz 35,Iz 23,Hi 14,,,Rz 8,12078,https://biblia.deon.pl/otworz.php?skrot=Rdz%2035 https://biblia.deon.pl/otworz.php?skrot=Iz%2023 https://biblia.deon.pl/otworz.php?skrot=Hi%2014 https://biblia.deon.pl/otworz.php?skrot=Rz%208
24,2026-09-03,Rdz 36-37,,,,Mt 11,,11343,https://biblia.deon.pl/otworz.php?skrot=Rdz%2036 https://biblia.deon.pl/otworz.php?skrot=Rdz%2037 https://biblia.deon.pl/otworz.php?skrot=Mt%2011
25,2026-09-04,Rdz 38,Iz 24-25,Hi 15,Ps 11,,,11073,https://biblia.deon.pl/otworz.php?skrot=Rdz%2038 https://biblia.deon.pl/otworz.php?skrot=Iz%2024 https://biblia.deon.pl/otworz.php?skrot=Iz%2025 https://biblia.deon.pl/otworz.php?skrot=Hi%2015 https://biblia.deon.pl/otworz.php?skrot=Ps%2011
26,2026-09-05,Rdz 39-40,Iz 26-27,Hi 16,,,,11584,https://biblia.deon.pl/otworz.php?skrot=Rdz%2039 https://biblia.deon.pl/otworz.php?skrot=Rdz%2040 https://biblia.deon.pl/otworz.php?skrot=Iz%2026 https://biblia.deon.pl/otworz.php?skrot=Iz%2027 https://biblia.deon.pl/otworz.php?skrot=Hi%2016
27,2026-09-06,Rdz 41,,Hi 17,Ps 12,,Rz 9,12254,https://biblia.deon.pl/otworz.php?skrot=Rdz%2041 https://biblia.deon.pl/otworz.php?skrot=Hi%2017 https://biblia.deon.pl/otworz.php?skrot=Ps%2012 https://biblia.deon.pl/otworz.php?skrot=Rz%209
28,2026-09-07,Rdz 42,Iz 28,,,Mt 12,,14572,https://biblia.deon.pl/otworz.php?skrot=Rdz%2042 https://biblia.deon.pl/otworz.php?skrot=Iz%2028 https://biblia.deon.pl/otworz.php?skrot=Mt%2012
29,2026-09-08,Rdz 43,Iz 29,Hi 18,Ps 13,,Rz 10,12544,https://biblia.deon.pl/otworz.php?skrot=Rdz%2043 https://biblia.deon.pl/otworz.php?skrot=Iz%2029 https://biblia.deon.pl/otworz.php?skrot=Hi%2018 https://biblia.deon.pl/otworz.php?skrot=Ps%2013 https://biblia.deon.pl/otworz.php?skrot=Rz%2010
30,2026-09-09,Rdz 44-46,,Hi 19,,,,13340,https://biblia.deon.pl/otworz.php?skrot=Rdz%2044 https://biblia.deon.pl/otworz.php?skrot=Rdz%2045 https://biblia.deon.pl/otworz.php?skrot=Rdz%2046 https://biblia.deon.pl/otworz.php?skrot=Hi%2019
31,2026-09-10,Rdz 47,,,Ps 14,Mt 13,,11894,https://biblia.deon.pl/otworz.php?skrot=Rdz%2047 https://biblia.deon.pl/otworz.php?skrot=Ps%2014 https://biblia.deon.pl/otworz.php?skrot=Mt%2013
32,2026-09-11,Rdz 48-49,Iz 30-31,,,,,13316,https://biblia.deon.pl/otworz.php?skrot=Rdz%2048 https://biblia.deon.pl/otworz.php?skrot=Rdz%2049 https://biblia.deon.pl/otworz.php?skrot=Iz%2030 https://biblia.deon.pl/otworz.php?skrot=Iz%2031
33,2026-09-12,Rdz 50; Wj 1,,Hi 20,Ps 15,,Rz 11,12828,https://biblia.deon.pl/otworz.php?skrot=Rdz%2050 https://biblia.deon.pl/otworz.php?skrot=Wj%201 https://biblia.deon.pl/otworz.php?skrot=Hi%2020 https://biblia.deon.pl/otworz.php?skrot=Ps%2015 https://biblia.deon.pl/otworz.php?skrot=Rz%2011
34,2026-09-13,Wj 2,Iz 32-33,Hi 21,,Mt 14,,13758,https://biblia.deon.pl/otworz.php?skrot=Wj%202 https://biblia.deon.pl/otworz.php?skrot=Iz%2032 https://biblia.deon.pl/otworz.php?skrot=Iz%2033 https://biblia.deon.pl/otworz.php?skrot=Hi%2021 https://biblia.deon.pl/otworz.php?skrot=Mt%2014
35,2026-09-14,Wj 3-5,Iz 34,,,,,12326,https://biblia.deon.pl/otworz.php?skrot=Wj%203 https://biblia.deon.pl/otworz.php?skrot=Wj%204 https://biblia.deon.pl/otworz.php?skrot=Wj%205 https://biblia.deon.pl/otworz.php?skrot=Iz%2034
36,2026-09-15,Wj 6-7,,Hi 22,Ps 16,,Rz 12,12051,https://biblia.deon.pl/otworz.php?skrot=Wj%206 https://biblia.deon.pl/otworz.php?skrot=Wj%207 https://biblia.deon.pl/otworz.php?skrot=Hi%2022 https://biblia.deon.pl/otworz.php?skrot=Ps%2016 https://biblia.deon.pl/otworz.php?skrot=Rz%2012
37,2026-09-16,Wj 8,Iz 35-36,Hi 23,,Mt 15,,13152,https://biblia.deon.pl/otworz.php?skrot=Wj%208 https://biblia.deon.pl/otworz.php?skrot=Iz%2035 https://biblia.deon.pl/otworz.php?skrot=Iz%2036 https://biblia.deon.pl/otworz.php?skrot=Hi%2023 https://biblia.deon.pl/otworz.php?skrot=Mt%2015
38,2026-09-17,Wj 9,Iz 37,,Ps 17,,Rz 13,12742,https://biblia.deon.pl/otworz.php?skrot=Wj%209 https://biblia.deon.pl/otworz.php?skrot=Iz%2037 https://biblia.deon.pl/otworz.php?skrot=Ps%2017 https://biblia.deon.pl/otworz.php?skrot=Rz%2013
39,2026-09-18,Wj 10-11,Iz 38,Hi 24-26,,Mt 16,,13926,https://biblia.deon.pl/otworz.php?skrot=Wj%2010 https://biblia.deon.pl/otworz.php?skrot=Wj%2011 https://biblia.deon.pl/otworz.php?skrot=Iz%2038 https://biblia.deon.pl/otworz.php?skrot=Hi%2024 https://biblia.deon.pl/otworz.php?skrot=Hi%2025 https://biblia.deon.pl/otworz.php?skrot=Hi%2026 https://biblia.deon.pl/otworz.php?skrot=Mt%2016
40,2026-09-19,Wj 12,,,Ps 18,,Rz 14,13753,https://biblia.deon.pl/otworz.php?skrot=Wj%2012 https://biblia.deon.pl/otworz.php?skrot=Ps%2018 https://biblia.deon.pl/otworz.php?skrot=Rz%2014
41,2026-09-20,Wj 13-14,Iz 39,,,Mt 17,,11539,https://biblia.deon.pl/otworz.php?skrot=Wj%2013 https://biblia.deon.pl/otworz.php?skrot=Wj%2014 https://biblia.deon.pl/otworz.php?skrot=Iz%2039 https://biblia.deon.pl/otworz.php?skrot=Mt%2017
42,2026-09-21,Wj 15,Iz 40,Hi 27,Ps 19,,,10533,https://biblia.deon.pl/otworz.php?skrot=Wj%2015 https://biblia.deon.pl/otworz.php?skrot=Iz%2040 https://biblia.deon.pl/otworz.php?skrot=Hi%2027 https://biblia.deon.pl/otworz.php?skrot=Ps%2019
43,2026-09-22,Wj 16,,,,Mt 18,Rz 15,13071,https://biblia.deon.pl/otworz.php?skrot=Wj%2016 https://biblia.deon.pl/otworz.php?skrot=Mt%2018 https://biblia.deon.pl/otworz.php?skrot=Rz%2015
44,2026-09-23,Wj 17-18,Iz 41,Hi 28,,,,11110,https://biblia.deon.pl/otworz.php?skrot=Wj%2017 https://biblia.deon.pl/otworz.php?skrot=Wj%2018 https://biblia.deon.pl/otworz.php?skrot=Iz%2041 https://biblia.deon.pl/otworz.php?skrot=Hi%2028
45,2026-09-24,Wj 19-20,Iz 42,Hi 29,Ps 20,,,11668,https://biblia.deon.pl/otworz.php?skrot=Wj%2019 https://biblia.deon.pl/otworz.php?skrot=Wj%2020 https://biblia.deon.pl/otworz.php?skrot=Iz%2042 https://biblia.deon.pl/otworz.php?skrot=Hi%2029 https://biblia.deon.pl/otworz.php?skrot=Ps%2020
46,2026-09-25,Wj 21,Iz 43,,,Mt 19,,11392,https://biblia.deon.pl/otworz.php?skrot=Wj%2021 https://biblia.deon.pl/otworz.php?skrot=Iz%2043 https://biblia.deon.pl/otworz.php?skrot=Mt%2019
47,2026-09-26,Wj 22,,Hi 30,Ps 21,Mt 20,,10754,https://biblia.deon.pl/otworz.php?skrot=Wj%2022 https://biblia.deon.pl/otworz.php?skrot=Hi%2030 https://biblia.deon.pl/otworz.php?skrot=Ps%2021 https://biblia.deon.pl/otworz.php?skrot=Mt%2020
48,2026-09-27,Wj 23-24,Iz 44,,,,Rz 16,13785,https://biblia.deon.pl/otworz.php?skrot=Wj%2023 https://biblia.deon.pl/otworz.php?skrot=Wj%2024 https://biblia.deon.pl/otworz.php?skrot=Iz%2044 https://biblia.deon.pl/otworz.php?skrot=Rz%2016
49,2026-09-28,Wj 25,,Hi 31,Ps 22,,1 Kor 1,13497,https://biblia.deon.pl/otworz.php?skrot=Wj%2025 https://biblia.deon.pl/otworz.php?skrot=Hi%2031 https://biblia.deon.pl/otworz.php?skrot=Ps%2022 https://biblia.deon.pl/otworz.php?skrot=1%20Kor%201
50,2026-09-29,Wj 26-27,Iz 45-46,,,,,12659,https://biblia.deon.pl/otworz.php?skrot=Wj%2026 https://biblia.deon.pl/otworz.php?skrot=Wj%2027 https://biblia.deon.pl/otworz.php?skrot=Iz%2045 https://biblia.deon.pl/otworz.php?skrot=Iz%2046
51,2026-09-30,Wj 28,,Hi 32,,Mt 21,,12832,https://biblia.deon.pl/otworz.php?skrot=Wj%2028 https://biblia.deon.pl/otworz.php?skrot=Hi%2032 https://biblia.deon.pl/otworz.php?skrot=Mt%2021
52,2026-10-01,Wj 29-30,,,Ps 23,,1 Kor 2,12996,https://biblia.deon.pl/otworz.php?skrot=Wj%2029 https://biblia.deon.pl/otworz.php?skrot=Wj%2030 https://biblia.deon.pl/otworz.php?skrot=Ps%2023 https://biblia.deon.pl/otworz.php?skrot=1%20Kor%202
53,2026-10-02,Wj 31,Iz 47-49,Hi 33,,,,13159,https://biblia.deon.pl/otworz.php?skrot=Wj%2031 https://biblia.deon.pl/otworz.php?skrot=Iz%2047 https://biblia.deon.pl/otworz.php?skrot=Iz%2048 https://biblia.deon.pl/otworz.php?skrot=Iz%2049 https://biblia.deon.pl/otworz.php?skrot=Hi%2033
54,2026-10-03,Wj 32,,,Ps 24,Mt 22,1 Kor 3,12352,https://biblia.deon.pl/otworz.php?skrot=Wj%2032 https://biblia.deon.pl/otworz.php?skrot=Ps%2024 https://biblia.deon.pl/otworz.php?skrot=Mt%2022 https://biblia.deon.pl/otworz.php?skrot=1%20Kor%203
55,2026-10-04,Wj 33-34,Iz 50-51,,,,,13193,https://biblia.deon.pl/otworz.php?skrot=Wj%2033 https://biblia.deon.pl/otworz.php?skrot=Wj%2034 https://biblia.deon.pl/otworz.php?skrot=Iz%2050 https://biblia.deon.pl/otworz.php?skrot=Iz%2051
56,2026-10-05,Wj 35,,Hi 34-35,Ps 25,,1 Kor 4,12054,https://biblia.deon.pl/otworz.php?skrot=Wj%2035 https://biblia.deon.pl/otworz.php?skrot=Hi%2034 https://biblia.deon.pl/otworz.php?skrot=Hi%2035 https://biblia.deon.pl/otworz.php?skrot=Ps%2025 https://biblia.deon.pl/otworz.php?skrot=1%20Kor%204
57,2026-10-06,Wj 36-37,,,,Mt 23,,12653,https://biblia.deon.pl/otworz.php?skrot=Wj%2036 https://biblia.deon.pl/otworz.php?skrot=Wj%2037 https://biblia.deon.pl/otworz.php?skrot=Mt%2023
58,2026-10-07,Wj 38,Iz 52-54,,Ps 26,,1 Kor 5,12932,https://biblia.deon.pl/otworz.php?skrot=Wj%2038 https://biblia.deon.pl/otworz.php?skrot=Iz%2052 https://biblia.deon.pl/otworz.php?skrot=Iz%2053 https://biblia.deon.pl/otworz.php?skrot=Iz%2054 https://biblia.deon.pl/otworz.php?skrot=Ps%2026 https://biblia.deon.pl/otworz.php?skrot=1%20Kor%205
59,2026-10-08,Wj 39-40; Kpł 1,,Hi 36,,,,12891,https://biblia.deon.pl/otworz.php?skrot=Wj%2039 https://biblia.deon.pl/otworz.php?skrot=Wj%2040 https://biblia.deon.pl/otworz.php?skrot=Kp%B3%201 https://biblia.deon.pl/otworz.php?skrot=Hi%2036
60,2026-10-09,Kpł 2,Iz 55,,,Mt 24,1 Kor 6,11780,https://biblia.deon.pl/otworz.php?skrot=Kp%B3%202 https://biblia.deon.pl/otworz.php?skrot=Iz%2055 https://biblia.deon.pl/otworz.php?skrot=Mt%2024 https://biblia.deon.pl/otworz.php?skrot=1%20Kor%206
61,2026-10-10,Kpł 3-4,Iz 56,Hi 37,Ps 27,,,12313,https://biblia.deon.pl/otworz.php?skrot=Kp%B3%203 https://biblia.deon.pl/otworz.php?skrot=Kp%B3%204 https://biblia.deon.pl/otworz.php?skrot=Iz%2056 https://biblia.deon.pl/otworz.php?skrot=Hi%2037 https://biblia.deon.pl/otworz.php?skrot=Ps%2027
62,2026-10-11,Kpł 5,Iz 57-58,Hi 38,,,,13019,https://biblia.deon.pl/otworz.php?skrot=Kp%B3%205 https://biblia.deon.pl/otworz.php?skrot=Iz%2057 https://biblia.deon.pl/otworz.php?skrot=Iz%2058 https://biblia.deon.pl/otworz.php?skrot=Hi%2038
63,2026-10-12,Kpł 6-7,,,,,1 Kor 7,13396,https://biblia.deon.pl/otworz.php?skrot=Kp%B3%206 https://biblia.deon.pl/otworz.php?skrot=Kp%B3%207 https://biblia.deon.pl/otworz.php?skrot=1%20Kor%207
64,2026-10-13,Kpł 8,,Hi 39,Ps 28,Mt 25,,12702,https://biblia.deon.pl/otworz.php?skrot=Kp%B3%208 https://biblia.deon.pl/otworz.php?skrot=Hi%2039 https://biblia.deon.pl/otworz.php?skrot=Ps%2028 https://biblia.deon.pl/otworz.php?skrot=Mt%2025
65,2026-10-14,Kpł 9-10,Iz 59,Hi 40,Ps 29,,1 Kor 8,13896,https://biblia.deon.pl/otworz.php?skrot=Kp%B3%209 https://biblia.deon.pl/otworz.php?skrot=Kp%B3%2010 https://biblia.deon.pl/otworz.php?skrot=Iz%2059 https://biblia.deon.pl/otworz.php?skrot=Hi%2040 https://biblia.deon.pl/otworz.php?skrot=Ps%2029 https://biblia.deon.pl/otworz.php?skrot=1%20Kor%208
66,2026-10-15,Kpł 11-12,Iz 60-62,,,,,13685,https://biblia.deon.pl/otworz.php?skrot=Kp%B3%2011 https://biblia.deon.pl/otworz.php?skrot=Kp%B3%2012 https://biblia.deon.pl/otworz.php?skrot=Iz%2060 https://biblia.deon.pl/otworz.php?skrot=Iz%2061 https://biblia.deon.pl/otworz.php?skrot=Iz%2062
67,2026-10-16,Kpł 13,,,,Mt 26,,16829,https://biblia.deon.pl/otworz.php?skrot=Kp%B3%2013 https://biblia.deon.pl/otworz.php?skrot=Mt%2026
68,2026-10-17,Kpł 14,,,Ps 30,,1 Kor 9,12031,https://biblia.deon.pl/otworz.php?skrot=Kp%B3%2014 https://biblia.deon.pl/otworz.php?skrot=Ps%2030 https://biblia.deon.pl/otworz.php?skrot=1%20Kor%209
69,2026-10-18,Kpł 15,Iz 63,Hi 41,Ps 31,,,11875,https://biblia.deon.pl/otworz.php?skrot=Kp%B3%2015 https://biblia.deon.pl/otworz.php?skrot=Iz%2063 https://biblia.deon.pl/otworz.php?skrot=Hi%2041 https://biblia.deon.pl/otworz.php?skrot=Ps%2031
70,2026-10-19,Kpł 16-17,Iz 64-65,,,,,12859,https://biblia.deon.pl/otworz.php?skrot=Kp%B3%2016 https://biblia.deon.pl/otworz.php?skrot=Kp%B3%2017 https://biblia.deon.pl/otworz.php?skrot=Iz%2064 https://biblia.deon.pl/otworz.php?skrot=Iz%2065
71,2026-10-20,Kpł 18,Iz 66,Hi 42,,,1 Kor 10,13131,https://biblia.deon.pl/otworz.php?skrot=Kp%B3%2018 https://biblia.deon.pl/otworz.php?skrot=Iz%2066 https://biblia.deon.pl/otworz.php?skrot=Hi%2042 https://biblia.deon.pl/otworz.php?skrot=1%20Kor%2010
72,2026-10-21,Kpł 19,,,Ps 32,Mt 27,,12436,https://biblia.deon.pl/otworz.php?skrot=Kp%B3%2019 https://biblia.deon.pl/otworz.php?skrot=Ps%2032 https://biblia.deon.pl/otworz.php?skrot=Mt%2027
73,2026-10-22,Kpł 20-21,Jr 1,Prz 1,Ps 33,,,13487,https://biblia.deon.pl/otworz.php?skrot=Kp%B3%2020 https://biblia.deon.pl/otworz.php?skrot=Kp%B3%2021 https://biblia.deon.pl/otworz.php?skrot=Jr%201 https://biblia.deon.pl/otworz.php?skrot=Prz%201 https://biblia.deon.pl/otworz.php?skrot=Ps%2033
74,2026-10-23,Kpł 22-23,,,,,1 Kor 11,14212,https://biblia.deon.pl/otworz.php?skrot=Kp%B3%2022 https://biblia.deon.pl/otworz.php?skrot=Kp%B3%2023 https://biblia.deon.pl/otworz.php?skrot=1%20Kor%2011
75,2026-10-24,Kpł 24,Jr 2,Prz 2,,Mt 28,,11552,https://biblia.deon.pl/otworz.php?skrot=Kp%B3%2024 https://biblia.deon.pl/otworz.php?skrot=Jr%202 https://biblia.deon.pl/otworz.php?skrot=Prz%202 https://biblia.deon.pl/otworz.php?skrot=Mt%2028
76,2026-10-25,Kpł 25,,Prz 3,Ps 34,,,11616,https://biblia.deon.pl/otworz.php?skrot=Kp%B3%2025 https://biblia.deon.pl/otworz.php?skrot=Prz%203 https://biblia.deon.pl/otworz.php?skrot=Ps%2034
77,2026-10-26,Kpł 26,Jr 3,,,Mk 1,,14774,https://biblia.deon.pl/otworz.php?skrot=Kp%B3%2026 https://biblia.deon.pl/otworz.php?skrot=Jr%203 https://biblia.deon.pl/otworz.php?skrot=Mk%201
78,2026-10-27,Kpł 27; Lb 1,,Prz 4,,,1 Kor 12,15281,https://biblia.deon.pl/otworz.php?skrot=Kp%B3%2027 https://biblia.deon.pl/otworz.php?skrot=Lb%201 https://biblia.deon.pl/otworz.php?skrot=Prz%204 https://biblia.deon.pl/otworz.php?skrot=1%20Kor%2012
79,2026-10-28,Lb 2,Jr 4-5,,Ps 35,,,14739,https://biblia.deon.pl/otworz.php?skrot=Lb%202 https://biblia.deon.pl/otworz.php?skrot=Jr%204 https://biblia.deon.pl/otworz.php?skrot=Jr%205 https://biblia.deon.pl/otworz.php?skrot=Ps%2035
80,2026-10-29,Lb 3,,Prz 5,Ps 36,Mk 2,1 Kor 13,13277,https://biblia.deon.pl/otworz.php?skrot=Lb%203 https://biblia.deon.pl/otworz.php?skrot=Prz%205 https://biblia.deon.pl/otworz.php?skrot=Ps%2036 https://biblia.deon.pl/otworz.php?skrot=Mk%202 https://biblia.deon.pl/otworz.php?skrot=1%20Kor%2013
81,2026-10-30,Lb 4-5,Jr 6,,,,,14361,https://biblia.deon.pl/otworz.php?skrot=Lb%204 https://biblia.deon.pl/otworz.php?skrot=Lb%205 https://biblia.deon.pl/otworz.php?skrot=Jr%206
82,2026-10-31,Lb 6,,Prz 6,,Mk 3,1 Kor 14,14242,https://biblia.deon.pl/otworz.php?skrot=Lb%206 https://biblia.deon.pl/otworz.php?skrot=Prz%206 https://biblia.deon.pl/otworz.php?skrot=Mk%203 https://biblia.deon.pl/otworz.php?skrot=1%20Kor%2014
83,2026-11-01,Lb 7-8,,,,,,12843,https://biblia.deon.pl/otworz.php?skrot=Lb%207 https://biblia.deon.pl/otworz.php?skrot=Lb%208
84,2026-11-02,Lb 9,,Prz 7,Ps 37,Mk 4,,12666,https://biblia.deon.pl/otworz.php?skrot=Lb%209 https://biblia.deon.pl/otworz.php?skrot=Prz%207 https://biblia.deon.pl/otworz.php?skrot=Ps%2037 https://biblia.deon.pl/otworz.php?skrot=Mk%204
85,2026-11-03,Lb 10,Jr 7-8,Prz 8,,,,14448,https://biblia.deon.pl/otworz.php?skrot=Lb%2010 https://biblia.deon.pl/otworz.php?skrot=Jr%207 https://biblia.deon.pl/otworz.php?skrot=Jr%208 https://biblia.deon.pl/otworz.php?skrot=Prz%208
86,2026-11-04,Lb 11-12,Jr 9,,Ps 38,,,11941,https://biblia.deon.pl/otworz.php?skrot=Lb%2011 https://biblia.deon.pl/otworz.php?skrot=Lb%2012 https://biblia.deon.pl/otworz.php?skrot=Jr%209 https://biblia.deon.pl/otworz.php?skrot=Ps%2038
87,2026-11-05,Lb 13,,,,Mk 5,1 Kor 15,13671,https://biblia.deon.pl/otworz.php?skrot=Lb%2013 https://biblia.deon.pl/otworz.php?skrot=Mk%205 https://biblia.deon.pl/otworz.php?skrot=1%20Kor%2015
88,2026-11-06,Lb 14,Jr 10,Prz 9,Ps 39,,,11588,https://biblia.deon.pl/otworz.php?skrot=Lb%2014 https://biblia.deon.pl/otworz.php?skrot=Jr%2010 https://biblia.deon.pl/otworz.php?skrot=Prz%209 https://biblia.deon.pl/otworz.php?skrot=Ps%2039
89,2026-11-07,Lb 15-16,Jr 11,,,,,12871,https://biblia.deon.pl/otworz.php?skrot=Lb%2015 https://biblia.deon.pl/otworz.php?skrot=Lb%2016 https://biblia.deon.pl/otworz.php?skrot=Jr%2011
90,2026-11-08,Lb 17-18,,Prz 10,Ps 40,,,12730,https://biblia.deon.pl/otworz.php?skrot=Lb%2017 https://biblia.deon.pl/otworz.php?skrot=Lb%2018 https://biblia.deon.pl/otworz.php?skrot=Prz%2010 https://biblia.deon.pl/otworz.php?skrot=Ps%2040
91,2026-11-09,Lb 19,Jr 12,,,Mk 6,1 Kor 16,14234,https://biblia.deon.pl/otworz.php?skrot=Lb%2019 https://biblia.deon.pl/otworz.php?skrot=Jr%2012 https://biblia.deon.pl/otworz.php?skrot=Mk%206 https://biblia.deon.pl/otworz.php?skrot=1%20Kor%2016
92,2026-11-10,Lb 20-21,Jr 13,,Ps 41,,,12941,https://biblia.deon.pl/otworz.php?skrot=Lb%2020 https://biblia.deon.pl/otworz.php?skrot=Lb%2021 https://biblia.deon.pl/otworz.php?skrot=Jr%2013 https://biblia.deon.pl/otworz.php?skrot=Ps%2041
93,2026-11-11,Lb 22-23,,Prz 11,,,2 Kor 1,14509,https://biblia.deon.pl/otworz.php?skrot=Lb%2022 https://biblia.deon.pl/otworz.php?skrot=Lb%2023 https://biblia.deon.pl/otworz.php?skrot=Prz%2011 https://biblia.deon.pl/otworz.php?skrot=2%20Kor%201
94,2026-11-12,Lb 24-25,Jr 14,Prz 12,,Mk 7,,14465,https://biblia.deon.pl/otworz.php?skrot=Lb%2024 https://biblia.deon.pl/otworz.php?skrot=Lb%2025 https://biblia.deon.pl/otworz.php?skrot=Jr%2014 https://biblia.deon.pl/otworz.php?skrot=Prz%2012 https://biblia.deon.pl/otworz.php?skrot=Mk%207
95,2026-11-13,Lb 26,Jr 15,Prz 13,Ps 42,,,12931,https://biblia.deon.pl/otworz.php?skrot=Lb%2026 https://biblia.deon.pl/otworz.php?skrot=Jr%2015 https://biblia.deon.pl/otworz.php?skrot=Prz%2013 https://biblia.deon.pl/otworz.php?skrot=Ps%2042
96,2026-11-14,Lb 27-28,,,Ps 43,Mk 8,2 Kor 2,13501,https://biblia.deon.pl/otworz.php?skrot=Lb%2027 https://biblia.deon.pl/otworz.php?skrot=Lb%2028 https://biblia.deon.pl/otworz.php?skrot=Ps%2043 https://biblia.deon.pl/otworz.php?skrot=Mk%208 https://biblia.deon.pl/otworz.php?skrot=2%20Kor%202
97,2026-11-15,Lb 29,Jr 16,Prz 14,,,2 Kor 3,13001,https://biblia.deon.pl/otworz.php?skrot=Lb%2029 https://biblia.deon.pl/otworz.php?skrot=Jr%2016 https://biblia.deon.pl/otworz.php?skrot=Prz%2014 https://biblia.deon.pl/otworz.php?skrot=2%20Kor%203
98,2026-11-16,Lb 30-31,Jr 17,Prz 15,,,,14407,https://biblia.deon.pl/otworz.php?skrot=Lb%2030 https://biblia.deon.pl/otworz.php?skrot=Lb%2031 https://biblia.deon.pl/otworz.php?skrot=Jr%2017 https://biblia.deon.pl/otworz.php?skrot=Prz%2015
99,2026-11-17,Lb 32,,,,Mk 9,2 Kor 4,12399,https://biblia.deon.pl/otworz.php?skrot=Lb%2032 https://biblia.deon.pl/otworz.php?skrot=Mk%209 https://biblia.deon.pl/otworz.php?skrot=2%20Kor%204
100,2026-11-18,Lb 33-34,Jr 18,,Ps 44,,,12351,https://biblia.deon.pl/otworz.php?skrot=Lb%2033 https://biblia.deon.pl/otworz.php?skrot=Lb%2034 https://biblia.deon.pl/otworz.php?skrot=Jr%2018 https://biblia.deon.pl/otworz.php?skrot=Ps%2044
101,2026-11-19,Lb 35-36,Jr 19,Prz 16,,,,11211,https://biblia.deon.pl/otworz.php?skrot=Lb%2035 https://biblia.deon.pl/otworz.php?skrot=Lb%2036 https://biblia.deon.pl/otworz.php?skrot=Jr%2019 https://biblia.deon.pl/otworz.php?skrot=Prz%2016
102,2026-11-20,Pwt 1,Jr 20,,Ps 45,,2 Kor 5,12673,https://biblia.deon.pl/otworz.php?skrot=Pwt%201 https://biblia.deon.pl/otworz.php?skrot=Jr%2020 https://biblia.deon.pl/otworz.php?skrot=Ps%2045 https://biblia.deon.pl/otworz.php?skrot=2%20Kor%205
103,2026-11-21,Pwt 2,Jr 21,,,Mk 10,,12599,https://biblia.deon.pl/otworz.php?skrot=Pwt%202 https://biblia.deon.pl/otworz.php?skrot=Jr%2021 https://biblia.deon.pl/otworz.php?skrot=Mk%2010
104,2026-11-22,Pwt 3-4,,Prz 17,Ps 46,,,13500,https://biblia.deon.pl/otworz.php?skrot=Pwt%203 https://biblia.deon.pl/otworz.php?skrot=Pwt%204 https://biblia.deon.pl/otworz.php?skrot=Prz%2017 https://biblia.deon.pl/otworz.php?skrot=Ps%2046
105,2026-11-23,Pwt 5,Jr 22,,,,2 Kor 6-7,12712,https://biblia.deon.pl/otworz.php?skrot=Pwt%205 https://biblia.deon.pl/otworz.php?skrot=Jr%2022 https://biblia.deon.pl/otworz.php?skrot=2%20Kor%206 https://biblia.deon.pl/otworz.php?skrot=2%20Kor%207
106,2026-11-24,Pwt 6-7,,Prz 18,,Mk 11,,12074,https://biblia.deon.pl/otworz.php?skrot=Pwt%206 https://biblia.deon.pl/otworz.php?skrot=Pwt%207 https://biblia.deon.pl/otworz.php?skrot=Prz%2018 https://biblia.deon.pl/otworz.php?skrot=Mk%2011
107,2026-11-25,Pwt 8,Jr 23,Prz 19,Ps 47,,,11409,https://biblia.deon.pl/otworz.php?skrot=Pwt%208 https://biblia.deon.pl/otworz.php?skrot=Jr%2023 https://biblia.deon.pl/otworz.php?skrot=Prz%2019 https://biblia.deon.pl/otworz.php?skrot=Ps%2047
108,2026-11-26,Pwt 9-10,Jr 24,,,,2 Kor 8,11439,https://biblia.deon.pl/otworz.php?skrot=Pwt%209 https://biblia.deon.pl/otworz.php?skrot=Pwt%2010 https://biblia.deon.pl/otworz.php?skrot=Jr%2024 https://biblia.deon.pl/otworz.php?skrot=2%20Kor%208
109,2026-11-27,Pwt 11,,,Ps 48,Mk 12,2 Kor 9,12353,https://biblia.deon.pl/otworz.php?skrot=Pwt%2011 https://biblia.deon.pl/otworz.php?skrot=Ps%2048 https://biblia.deon.pl/otworz.php?skrot=Mk%2012 https://biblia.deon.pl/otworz.php?skrot=2%20Kor%209
110,2026-11-28,Pwt 12,,Prz 20-21,Ps 49,,,10676,https://biblia.deon.pl/otworz.php?skrot=Pwt%2012 https://biblia.deon.pl/otworz.php?skrot=Prz%2020 https://biblia.deon.pl/otworz.php?skrot=Prz%2021 https://biblia.deon.pl/otworz.php?skrot=Ps%2049
111,2026-11-29,Pwt 13-14,Jr 25,,,,,11087,https://biblia.deon.pl/otworz.php?skrot=Pwt%2013 https://biblia.deon.pl/otworz.php?skrot=Pwt%2014 https://biblia.deon.pl/otworz.php?skrot=Jr%2025
112,2026-11-30,Pwt 15,Jr 26,,,Mk 13,2 Kor 10,13115,https://biblia.deon.pl/otworz.php?skrot=Pwt%2015 https://biblia.deon.pl/otworz.php?skrot=Jr%2026 https://biblia.deon.pl/otworz.php?skrot=Mk%2013 https://biblia.deon.pl/otworz.php?skrot=2%20Kor%2010
113,2026-12-01,Pwt 16-17,Jr 27,Prz 22,Ps 50,,,13871,https://biblia.deon.pl/otworz.php?skrot=Pwt%2016 https://biblia.deon.pl/otworz.php?skrot=Pwt%2017 https://biblia.deon.pl/otworz.php?skrot=Jr%2027 https://biblia.deon.pl/otworz.php?skrot=Prz%2022 https://biblia.deon.pl/otworz.php?skrot=Ps%2050
114,2026-12-02,Pwt 18-19,Jr 28,Prz 23,,,2 Kor 11,14368,https://biblia.deon.pl/otworz.php?skrot=Pwt%2018 https://biblia.deon.pl/otworz.php?skrot=Pwt%2019 https://biblia.deon.pl/otworz.php?skrot=Jr%2028 https://biblia.deon.pl/otworz.php?skrot=Prz%2023 https://biblia.deon.pl/otworz.php?skrot=2%20Kor%2011
115,2026-12-03,Pwt 20-21,Jr 29,,Ps 51,,,12265,https://biblia.deon.pl/otworz.php?skrot=Pwt%2020 https://biblia.deon.pl/otworz.php?skrot=Pwt%2021 https://biblia.deon.pl/otworz.php?skrot=Jr%2029 https://biblia.deon.pl/otworz.php?skrot=Ps%2051
116,2026-12-04,Pwt 22,,,Ps 52,Mk 14,,12583,https://biblia.deon.pl/otworz.php?skrot=Pwt%2022 https://biblia.deon.pl/otworz.php?skrot=Ps%2052 https://biblia.deon.pl/otworz.php?skrot=Mk%2014
117,2026-12-05,Pwt 23-24,,Prz 24,,,2 Kor 12,11906,https://biblia.deon.pl/otworz.php?skrot=Pwt%2023 https://biblia.deon.pl/otworz.php?skrot=Pwt%2024 https://biblia.deon.pl/otworz.php?skrot=Prz%2024 https://biblia.deon.pl/otworz.php?skrot=2%20Kor%2012
118,2026-12-06,Pwt 25-27,Jr 30,Prz 25,,,,13518,https://biblia.deon.pl/otworz.php?skrot=Pwt%2025 https://biblia.deon.pl/otworz.php?skrot=Pwt%2026 https://biblia.deon.pl/otworz.php?skrot=Pwt%2027 https://biblia.deon.pl/otworz.php?skrot=Jr%2030 https://biblia.deon.pl/otworz.php?skrot=Prz%2025
119,2026-12-07,Pwt 28,,,Ps 53,,2 Kor 13,11685,https://biblia.deon.pl/otworz.php?skrot=Pwt%2028 https://biblia.deon.pl/otworz.php?skrot=Ps%2053 https://biblia.deon.pl/otworz.php?skrot=2%20Kor%2013
120,2026-12-08,Pwt 29,Jr 31,,,Mk 15,,14305,https://biblia.deon.pl/otworz.php?skrot=Pwt%2029 https://biblia.deon.pl/otworz.php?skrot=Jr%2031 https://biblia.deon.pl/otworz.php?skrot=Mk%2015
121,2026-12-09,Pwt 30-31,Jr 32,,,,,13905,https://biblia.deon.pl/otworz.php?skrot=Pwt%2030 https://biblia.deon.pl/otworz.php?skrot=Pwt%2031 https://biblia.deon.pl/otworz.php?skrot=Jr%2032
122,2026-12-10,Pwt 32,,Prz 26,Ps 54,Mk 16,Ga 1,13241,https://biblia.deon.pl/otworz.php?skrot=Pwt%2032 https://biblia.deon.pl/otworz.php?skrot=Prz%2026 https://biblia.deon.pl/otworz.php?skrot=Ps%2054 https://biblia.deon.pl/otworz.php?skrot=Mk%2016 https://biblia.deon.pl/otworz.php?skrot=Ga%201
123,2026-12-11,Pwt 33-34; Joz 1,Jr 33,Prz 27,,,,12998,https://biblia.deon.pl/otworz.php?skrot=Pwt%2033 https://biblia.deon.pl/otworz.php?skrot=Pwt%2034 https://biblia.deon.pl/otworz.php?skrot=Joz%201 https://biblia.deon.pl/otworz.php?skrot=Jr%2033 https://biblia.deon.pl/otworz.php?skrot=Prz%2027
124,2026-12-12,Joz 2-3,,,Ps 55,,Ga 2,11459,https://biblia.deon.pl/otworz.php?skrot=Joz%202 https://biblia.deon.pl/otworz.php?skrot=Joz%203 https://biblia.deon.pl/otworz.php?skrot=Ps%2055 https://biblia.deon.pl/otworz.php?skrot=Ga%202
125,2026-12-13,Joz 4,,Prz 28,,Łk 1,,12917,https://biblia.deon.pl/otworz.php?skrot=Joz%204 https://biblia.deon.pl/otworz.php?skrot=Prz%2028 https://biblia.deon.pl/otworz.php?skrot=%A3k%201
126,2026-12-14,Joz 5-6,Jr 34-35,,,,,13943,https://biblia.deon.pl/otworz.php?skrot=Joz%205 https://biblia.deon.pl/otworz.php?skrot=Joz%206 https://biblia.deon.pl/otworz.php?skrot=Jr%2034 https://biblia.deon.pl/otworz.php?skrot=Jr%2035
127,2026-12-15,Joz 7,,Prz 29,Ps 56,,Ga 3,11213,https://biblia.deon.pl/otworz.php?skrot=Joz%207 https://biblia.deon.pl/otworz.php?skrot=Prz%2029 https://biblia.deon.pl/otworz.php?skrot=Ps%2056 https://biblia.deon.pl/otworz.php?skrot=Ga%203
128,2026-12-16,Joz 8-9,Jr 36,,,,,14273,https://biblia.deon.pl/otworz.php?skrot=Joz%208 https://biblia.deon.pl/otworz.php?skrot=Joz%209 https://biblia.deon.pl/otworz.php?skrot=Jr%2036
129,2026-12-17,Joz 10,,,Ps 57,Łk 2,,12706,https://biblia.deon.pl/otworz.php?skrot=Joz%2010 https://biblia.deon.pl/otworz.php?skrot=Ps%2057 https://biblia.deon.pl/otworz.php?skrot=%A3k%202
130,2026-12-18,Joz 11-13,,Prz 30,,,,12278,https://biblia.deon.pl/otworz.php?skrot=Joz%2011 https://biblia.deon.pl/otworz.php?skrot=Joz%2012 https://biblia.deon.pl/otworz.php?skrot=Joz%2013 https://biblia.deon.pl/otworz.php?skrot=Prz%2030
131,2026-12-19,Joz 14,Jr 37,Prz 31,Ps 58,,Ga 4,11609,https://biblia.deon.pl/otworz.php?skrot=Joz%2014 https://biblia.deon.pl/otworz.php?skrot=Jr%2037 https://biblia.deon.pl/otworz.php?skrot=Prz%2031 https://biblia.deon.pl/otworz.php?skrot=Ps%2058 https://biblia.deon.pl/otworz.php?skrot=Ga%204
132,2026-12-20,Joz 15,Jr 38,,,Łk 3,,13540,https://biblia.deon.pl/otworz.php?skrot=Joz%2015 https://biblia.deon.pl/otworz.php?skrot=Jr%2038 https://biblia.deon.pl/otworz.php?skrot=%A3k%203
133,2026-12-21,Joz 16-18,,Koh 1,Ps 59,,,11780,https://biblia.deon.pl/otworz.php?skrot=Joz%2016 https://biblia.deon.pl/otworz.php?skrot=Joz%2017 https://biblia.deon.pl/otworz.php?skrot=Joz%2018 https://biblia.deon.pl/otworz.php?skrot=Koh%201 https://biblia.deon.pl/otworz.php?skrot=Ps%2059
134,2026-12-22,Joz 19-20,Jr 39,,Ps 60,,Ga 5,12889,https://biblia.deon.pl/otworz.php?skrot=Joz%2019 https://biblia.deon.pl/otworz.php?skrot=Joz%2020 https://biblia.deon.pl/otworz.php?skrot=Jr%2039 https://biblia.deon.pl/otworz.php?skrot=Ps%2060 https://biblia.deon.pl/otworz.php?skrot=Ga%205
135,2026-12-23,Joz 21,Jr 40,,,Łk 4,,12947,https://biblia.deon.pl/otworz.php?skrot=Joz%2021 https://biblia.deon.pl/otworz.php?skrot=Jr%2040 https://biblia.deon.pl/otworz.php?skrot=%A3k%204
136,2026-12-24,Joz 22,,Koh 2,,,Ga 6,11909,https://biblia.deon.pl/otworz.php?skrot=Joz%2022 https://biblia.deon.pl/otworz.php?skrot=Koh%202 https://biblia.deon.pl/otworz.php?skrot=Ga%206
137,2026-12-25,Joz 23-24,Jr 41-42,,,,,14027,https://biblia.deon.pl/otworz.php?skrot=Joz%2023 https://biblia.deon.pl/otworz.php?skrot=Joz%2024 https://biblia.deon.pl/otworz.php?skrot=Jr%2041 https://biblia.deon.pl/otworz.php?skrot=Jr%2042
138,2026-12-26,Sdz 1,,,,Łk 5,Ef 1,12087,https://biblia.deon.pl/otworz.php?skrot=Sdz%201 https://biblia.deon.pl/otworz.php?skrot=%A3k%205 https://biblia.deon.pl/otworz.php?skrot=Ef%201
139,2026-12-27,Sdz 2-3,Jr 43,Koh 3,Ps 61,,,12327,https://biblia.deon.pl/otworz.php?skrot=Sdz%202 https://biblia.deon.pl/otworz.php?skrot=Sdz%203 https://biblia.deon.pl/otworz.php?skrot=Jr%2043 https://biblia.deon.pl/otworz.php?skrot=Koh%203 https://biblia.deon.pl/otworz.php?skrot=Ps%2061
140,2026-12-28,Sdz 4,Jr 44,,,,Ef 2,11745,https://biblia.deon.pl/otworz.php?skrot=Sdz%204 https://biblia.deon.pl/otworz.php?skrot=Jr%2044 https://biblia.deon.pl/otworz.php?skrot=Ef%202
141,2026-12-29,Sdz 5,,,Ps 62,Łk 6,,10759,https://biblia.deon.pl/otworz.php?skrot=Sdz%205 https://biblia.deon.pl/otworz.php?skrot=Ps%2062 https://biblia.deon.pl/otworz.php?skrot=%A3k%206
142,2026-12-30,Sdz 6,,Koh 4-5,,,Ef 3,12622,https://biblia.deon.pl/otworz.php?skrot=Sdz%206 https://biblia.deon.pl/otworz.php?skrot=Koh%204 https://biblia.deon.pl/otworz.php?skrot=Koh%205 https://biblia.deon.pl/otworz.php?skrot=Ef%203
143,2026-12-31,Sdz 7,Jr 45-47,Koh 6,Ps 63,,,12242,https://biblia.deon.pl/otworz.php?skrot=Sdz%207 https://biblia.deon.pl/otworz.php?skrot=Jr%2045 https://biblia.deon.pl/otworz.php?skrot=Jr%2046 https://biblia.deon.pl/otworz.php?skrot=Jr%2047 https://biblia.deon.pl/otworz.php?skrot=Koh%206 https://biblia.deon.pl/otworz.php?skrot=Ps%2063
144,2027-01-01,Sdz 8,Jr 48,,Ps 64,,,11389,https://biblia.deon.pl/otworz.php?skrot=Sdz%208 https://biblia.deon.pl/otworz.php?skrot=Jr%2048 https://biblia.deon.pl/otworz.php?skrot=Ps%2064
145,2027-01-02,Sdz 9,,,,,Ef 4,11662,https://biblia.deon.pl/otworz.php?skrot=Sdz%209 https://biblia.deon.pl/otworz.php?skrot=Ef%204
146,2027-01-03,Sdz 10,,Koh 7,,Łk 7,,11230,https://biblia.deon.pl/otworz.php?skrot=Sdz%2010 https://biblia.deon.pl/otworz.php?skrot=Koh%207 https://biblia.deon.pl/otworz.php?skrot=%A3k%207
147,2027-01-04,Sdz 11-12,,,Ps 65,,Ef 5,12395,https://biblia.deon.pl/otworz.php?skrot=Sdz%2011 https://biblia.deon.pl/otworz.php?skrot=Sdz%2012 https://biblia.deon.pl/otworz.php?skrot=Ps%2065 https://biblia.deon.pl/otworz.php?skrot=Ef%205
148,2027-01-05,Sdz 13-14,Jr 49,,,,,12595,https://biblia.deon.pl/otworz.php?skrot=Sdz%2013 https://biblia.deon.pl/otworz.php?skrot=Sdz%2014 https://biblia.deon.pl/otworz.php?skrot=Jr%2049
149,2027-01-06,Sdz 15,,,Ps 66,Łk 8,,11365,https://biblia.deon.pl/otworz.php?skrot=Sdz%2015 https://biblia.deon.pl/otworz.php?skrot=Ps%2066 https://biblia.deon.pl/otworz.php?skrot=%A3k%208
150,2027-01-07,Sdz 16-17,,Koh 8,,,Ef 6,12449,https://biblia.deon.pl/otworz.php?skrot=Sdz%2016 https://biblia.deon.pl/otworz.php?skrot=Sdz%2017 https://biblia.deon.pl/otworz.php?skrot=Koh%208 https://biblia.deon.pl/otworz.php?skrot=Ef%206
151,2027-01-08,Sdz 18,Jr 50,,Ps 67,,,12390,https://biblia.deon.pl/otworz.php?skrot=Sdz%2018 https://biblia.deon.pl/otworz.php?skrot=Jr%2050 https://biblia.deon.pl/otworz.php?skrot=Ps%2067
152,2027-01-09,Sdz 19,Jr 51,,,,,13673,https://biblia.deon.pl/otworz.php?skrot=Sdz%2019 https://biblia.deon.pl/otworz.php?skrot=Jr%2051
153,2027-01-10,Sdz 20,,Koh 9-10,,,Flp 1,15321,https://biblia.deon.pl/otworz.php?skrot=Sdz%2020 https://biblia.deon.pl/otworz.php?skrot=Koh%209 https://biblia.deon.pl/otworz.php?skrot=Koh%2010 https://biblia.deon.pl/otworz.php?skrot=Flp%201
154,2027-01-11,Sdz 21,,,Ps 68,Łk 9,,13942,https://biblia.deon.pl/otworz.php?skrot=Sdz%2021 https://biblia.deon.pl/otworz.php?skrot=Ps%2068 https://biblia.deon.pl/otworz.php?skrot=%A3k%209
155,2027-01-12,Rt 1-2,Jr 52,,,,,11745,https://biblia.deon.pl/otworz.php?skrot=Rt%201 https://biblia.deon.pl/otworz.php?skrot=Rt%202 https://biblia.deon.pl/otworz.php?skrot=Jr%2052
156,2027-01-13,Rt 3,,Koh 11-12,Ps 69,,Flp 2,12239,https://biblia.deon.pl/otworz.php?skrot=Rt%203 https://biblia.deon.pl/otworz.php?skrot=Koh%2011 https://biblia.deon.pl/otworz.php?skrot=Koh%2012 https://biblia.deon.pl/otworz.php?skrot=Ps%2069 https://biblia.deon.pl/otworz.php?skrot=Flp%202
157,2027-01-14,Rt 4; 1 Sm 1,Lm 1,,Ps 70,,Flp 3,13636,https://biblia.deon.pl/otworz.php?skrot=Rt%204 https://biblia.deon.pl/otworz.php?skrot=1%20Sm%201 https://biblia.deon.pl/otworz.php?skrot=Lm%201 https://biblia.deon.pl/otworz.php?skrot=Ps%2070 https://biblia.deon.pl/otworz.php?skrot=Flp%203
158,2027-01-15,1 Sm 2,,Pnp 1-2,,Łk 10,,13301,https://biblia.deon.pl/otworz.php?skrot=1%20Sm%202 https://biblia.deon.pl/otworz.php?skrot=Pnp%201 https://biblia.deon.pl/otworz.php?skrot=Pnp%202 https://biblia.deon.pl/otworz.php?skrot=%A3k%2010
159,2027-01-16,1 Sm 3-5,Lm 2,,,,,11858,https://biblia.deon.pl/otworz.php?skrot=1%20Sm%203 https://biblia.deon.pl/otworz.php?skrot=1%20Sm%204 https://biblia.deon.pl/otworz.php?skrot=1%20Sm%205 https://biblia.deon.pl/otworz.php?skrot=Lm%202
160,2027-01-17,1 Sm 6-7,Lm 3,,Ps 71,,,12086,https://biblia.deon.pl/otworz.php?skrot=1%20Sm%206 https://biblia.deon.pl/otworz.php?skrot=1%20Sm%207 https://biblia.deon.pl/otworz.php?skrot=Lm%203 https://biblia.deon.pl/otworz.php?skrot=Ps%2071
161,2027-01-18,1 Sm 8-9,,,,Łk 11,,13177,https://biblia.deon.pl/otworz.php?skrot=1%20Sm%208 https://biblia.deon.pl/otworz.php?skrot=1%20Sm%209 https://biblia.deon.pl/otworz.php?skrot=%A3k%2011
162,2027-01-19,1 Sm 10-11,Lm 4-5,,,,Flp 4,12938,https://biblia.deon.pl/otworz.php?skrot=1%20Sm%2010 https://biblia.deon.pl/otworz.php?skrot=1%20Sm%2011 https://biblia.deon.pl/otworz.php?skrot=Lm%204 https://biblia.deon.pl/otworz.php?skrot=Lm%205 https://biblia.deon.pl/otworz.php?skrot=Flp%204
163,2027-01-20,1 Sm 12,,Pnp 3-4,Ps 72,,Kol 1,12261,https://biblia.deon.pl/otworz.php?skrot=1%20Sm%2012 https://biblia.deon.pl/otworz.php?skrot=Pnp%203 https://biblia.deon.pl/otworz.php?skrot=Pnp%204 https://biblia.deon.pl/otworz.php?skrot=Ps%2072 https://biblia.deon.pl/otworz.php?skrot=Kol%201
164,2027-01-21,1 Sm 13,Ba 1,Pnp 5-6,Ps 73,,,11899,https://biblia.deon.pl/otworz.php?skrot=1%20Sm%2013 https://biblia.deon.pl/otworz.php?skrot=Ba%201 https://biblia.deon.pl/otworz.php?skrot=Pnp%205 https://biblia.deon.pl/otworz.php?skrot=Pnp%206 https://biblia.deon.pl/otworz.php?skrot=Ps%2073
165,2027-01-22,1 Sm 14-15,,,,,,12318,https://biblia.deon.pl/otworz.php?skrot=1%20Sm%2014 https://biblia.deon.pl/otworz.php?skrot=1%20Sm%2015
166,2027-01-23,1 Sm 16,,,,Łk 12,Kol 2,12973,https://biblia.deon.pl/otworz.php?skrot=1%20Sm%2016 https://biblia.deon.pl/otworz.php?skrot=%A3k%2012 https://biblia.deon.pl/otworz.php?skrot=Kol%202
167,2027-01-24,1 Sm 17,Ba 2,,Ps 74,,,14292,https://biblia.deon.pl/otworz.php?skrot=1%20Sm%2017 https://biblia.deon.pl/otworz.php?skrot=Ba%202 https://biblia.deon.pl/otworz.php?skrot=Ps%2074
168,2027-01-25,1 Sm 18,Ba 3-4,Pnp 7,,,,12588,https://biblia.deon.pl/otworz.php?skrot=1%20Sm%2018 https://biblia.deon.pl/otworz.php?skrot=Ba%203 https://biblia.deon.pl/otworz.php?skrot=Ba%204 https://biblia.deon.pl/otworz.php?skrot=Pnp%207
169,2027-01-26,1 Sm 19,,,Ps 75,Łk 13,Kol 3,11274,https://biblia.deon.pl/otworz.php?skrot=1%20Sm%2019 https://biblia.deon.pl/otworz.php?skrot=Ps%2075 https://biblia.deon.pl/otworz.php?skrot=%A3k%2013 https://biblia.deon.pl/otworz.php?skrot=Kol%203
170,2027-01-27,1 Sm 20-21,Ba 5,Pnp 8,,,,11309,https://biblia.deon.pl/otworz.php?skrot=1%20Sm%2020 https://biblia.deon.pl/otworz.php?skrot=1%20Sm%2021 https://biblia.deon.pl/otworz.php?skrot=Ba%205 https://biblia.deon.pl/otworz.php?skrot=Pnp%208
171,2027-01-28,1 Sm 22-23,,,Ps 76,,Kol 4; 1 Tes 1,11855,https://biblia.deon.pl/otworz.php?skrot=1%20Sm%2022 https://biblia.deon.pl/otworz.php?skrot=1%20Sm%2023 https://biblia.deon.pl/otworz.php?skrot=Ps%2076 https://biblia.deon.pl/otworz.php?skrot=Kol%204 https://biblia.deon.pl/otworz.php?skrot=1%20Tes%201
172,2027-01-29,1 Sm 24,,Mdr 1-2,,Łk 14,,11472,https://biblia.deon.pl/otworz.php?skrot=1%20Sm%2024 https://biblia.deon.pl/otworz.php?skrot=Mdr%201 https://biblia.deon.pl/otworz.php?skrot=Mdr%202 https://biblia.deon.pl/otworz.php?skrot=%A3k%2014
173,2027-01-30,1 Sm 25,Ba 6,,,,,14937,https://biblia.deon.pl/otworz.php?skrot=1%20Sm%2025 https://biblia.deon.pl/otworz.php?skrot=Ba%206
174,2027-01-31,1 Sm 26,,Mdr 3,Ps 77,Łk 15,1 Tes 2,13195,https://biblia.deon.pl/otworz.php?skrot=1%20Sm%2026 https://biblia.deon.pl/otworz.php?skrot=Mdr%203 https://biblia.deon.pl/otworz.php?skrot=Ps%2077 https://biblia.deon.pl/otworz.php?skrot=%A3k%2015 https://biblia.deon.pl/otworz.php?skrot=1%20Tes%202
175,2027-02-01,1 Sm 27-29,Ez 1-2,,,,,12608,https://biblia.deon.pl/otworz.php?skrot=1%20Sm%2027 https://biblia.deon.pl/otworz.php?skrot=1%20Sm%2028 https://biblia.deon.pl/otworz.php?skrot=1%20Sm%2029 https://biblia.deon.pl/otworz.php?skrot=Ez%201 https://biblia.deon.pl/otworz.php?skrot=Ez%202
176,2027-02-02,1 Sm 30-31,,,Ps 78,,1 Tes 3,13148,https://biblia.deon.pl/otworz.php?skrot=1%20Sm%2030 https://biblia.deon.pl/otworz.php?skrot=1%20Sm%2031 https://biblia.deon.pl/otworz.php?skrot=Ps%2078 https://biblia.deon.pl/otworz.php?skrot=1%20Tes%203
177,2027-02-03,2 Sm 1,Ez 3,Mdr 4,,Łk 16,,12976,https://biblia.deon.pl/otworz.php?skrot=2%20Sm%201 https://biblia.deon.pl/otworz.php?skrot=Ez%203 https://biblia.deon.pl/otworz.php?skrot=Mdr%204 https://biblia.deon.pl/otworz.php?skrot=%A3k%2016
178,2027-02-04,2 Sm 2,Ez 4-5,,,,1 Tes 4,11538,https://biblia.deon.pl/otworz.php?skrot=2%20Sm%202 https://biblia.deon.pl/otworz.php?skrot=Ez%204 https://biblia.deon.pl/otworz.php?skrot=Ez%205 https://biblia.deon.pl/otworz.php?skrot=1%20Tes%204
179,2027-02-05,2 Sm 3,,,Ps 79,Łk 17,1 Tes 5,12876,https://biblia.deon.pl/otworz.php?skrot=2%20Sm%203 https://biblia.deon.pl/otworz.php?skrot=Ps%2079 https://biblia.deon.pl/otworz.php?skrot=%A3k%2017 https://biblia.deon.pl/otworz.php?skrot=1%20Tes%205
180,2027-02-06,2 Sm 4-6,Ez 6,Mdr 5,,,,12715,https://biblia.deon.pl/otworz.php?skrot=2%20Sm%204 https://biblia.deon.pl/otworz.php?skrot=2%20Sm%205 https://biblia.deon.pl/otworz.php?skrot=2%20Sm%206 https://biblia.deon.pl/otworz.php?skrot=Ez%206 https://biblia.deon.pl/otworz.php?skrot=Mdr%205
181,2027-02-07,2 Sm 7,Ez 7,Mdr 6,Ps 80,,2 Tes 1,12851,https://biblia.deon.pl/otworz.php?skrot=2%20Sm%207 https://biblia.deon.pl/otworz.php?skrot=Ez%207 https://biblia.deon.pl/otworz.php?skrot=Mdr%206 https://biblia.deon.pl/otworz.php?skrot=Ps%2080 https://biblia.deon.pl/otworz.php?skrot=2%20Tes%201
182,2027-02-08,2 Sm 8-10,,,,Łk 18,,11657,https://biblia.deon.pl/otworz.php?skrot=2%20Sm%208 https://biblia.deon.pl/otworz.php?skrot=2%20Sm%209 https://biblia.deon.pl/otworz.php?skrot=2%20Sm%2010 https://biblia.deon.pl/otworz.php?skrot=%A3k%2018
183,2027-02-09,2 Sm 11,,Mdr 7,Ps 81,,2 Tes 2-3,12411,https://biblia.deon.pl/otworz.php?skrot=2%20Sm%2011 https://biblia.deon.pl/otworz.php?skrot=Mdr%207 https://biblia.deon.pl/otworz.php?skrot=Ps%2081 https://biblia.deon.pl/otworz.php?skrot=2%20Tes%202 https://biblia.deon.pl/otworz.php?skrot=2%20Tes%203
184,2027-02-10,2 Sm 12,Ez 8-10,,,,,12464,https://biblia.deon.pl/otworz.php?skrot=2%20Sm%2012 https://biblia.deon.pl/otworz.php?skrot=Ez%208 https://biblia.deon.pl/otworz.php?skrot=Ez%209 https://biblia.deon.pl/otworz.php?skrot=Ez%2010
185,2027-02-11,2 Sm 13,,,,Łk 19,,10749,https://biblia.deon.pl/otworz.php?skrot=2%20Sm%2013 https://biblia.deon.pl/otworz.php?skrot=%A3k%2019
186,2027-02-12,2 Sm 14,,Mdr 8,Ps 82,,1 Tm 1,10664,https://biblia.deon.pl/otworz.php?skrot=2%20Sm%2014 https://biblia.deon.pl/otworz.php?skrot=Mdr%208 https://biblia.deon.pl/otworz.php?skrot=Ps%2082 https://biblia.deon.pl/otworz.php?skrot=1%20Tm%201
187,2027-02-13,2 Sm 15,Ez 11-12,,Ps 83,,,13594,https://biblia.deon.pl/otworz.php?skrot=2%20Sm%2015 https://biblia.deon.pl/otworz.php?skrot=Ez%2011 https://biblia.deon.pl/otworz.php?skrot=Ez%2012 https://biblia.deon.pl/otworz.php?skrot=Ps%2083
188,2027-02-14,2 Sm 16-17,,,,Łk 20,,12689,https://biblia.deon.pl/otworz.php?skrot=2%20Sm%2016 https://biblia.deon.pl/otworz.php?skrot=2%20Sm%2017 https://biblia.deon.pl/otworz.php?skrot=%A3k%2020
189,2027-02-15,2 Sm 18,Ez 13,Mdr 9,Ps 84,,1 Tm 2,13050,https://biblia.deon.pl/otworz.php?skrot=2%20Sm%2018 https://biblia.deon.pl/otworz.php?skrot=Ez%2013 https://biblia.deon.pl/otworz.php?skrot=Mdr%209 https://biblia.deon.pl/otworz.php?skrot=Ps%2084 https://biblia.deon.pl/otworz.php?skrot=1%20Tm%202
190,2027-02-16,2 Sm 19,Ez 14,,,,1 Tm 3,12439,https://biblia.deon.pl/otworz.php?skrot=2%20Sm%2019 https://biblia.deon.pl/otworz.php?skrot=Ez%2014 https://biblia.deon.pl/otworz.php?skrot=1%20Tm%203
191,2027-02-17,2 Sm 20,Ez 15,Mdr 10-11,,,1 Tm 4,11944,https://biblia.deon.pl/otworz.php?skrot=2%20Sm%2020 https://biblia.deon.pl/otworz.php?skrot=Ez%2015 https://biblia.deon.pl/otworz.php?skrot=Mdr%2010 https://biblia.deon.pl/otworz.php?skrot=Mdr%2011 https://biblia.deon.pl/otworz.php?skrot=1%20Tm%204
192,2027-02-18,2 Sm 21,,,Ps 85,Łk 21,1 Tm 5,11495,https://biblia.deon.pl/otworz.php?skrot=2%20Sm%2021 https://biblia.deon.pl/otworz.php?skrot=Ps%2085 https://biblia.deon.pl/otworz.php?skrot=%A3k%2021 https://biblia.deon.pl/otworz.php?skrot=1%20Tm%205
193,2027-02-19,2 Sm 22,Ez 16,,,,,12979,https://biblia.deon.pl/otworz.php?skrot=2%20Sm%2022 https://biblia.deon.pl/otworz.php?skrot=Ez%2016
194,2027-02-20,2 Sm 23-24,,,,Łk 22,,14975,https://biblia.deon.pl/otworz.php?skrot=2%20Sm%2023 https://biblia.deon.pl/otworz.php?skrot=2%20Sm%2024 https://biblia.deon.pl/otworz.php?skrot=%A3k%2022
195,2027-02-21,1 Krl 1,,Mdr 12,Ps 86,,,12184,https://biblia.deon.pl/otworz.php?skrot=1%20Krl%201 https://biblia.deon.pl/otworz.php?skrot=Mdr%2012 https://biblia.deon.pl/otworz.php?skrot=Ps%2086
196,2027-02-22,1 Krl 2,,,Ps 87,,1 Tm 6,10486,https://biblia.deon.pl/otworz.php?skrot=1%20Krl%202 https://biblia.deon.pl/otworz.php?skrot=Ps%2087 https://biblia.deon.pl/otworz.php?skrot=1%20Tm%206
197,2027-02-23,1 Krl 3-4,Ez 17-18,,,,,13911,https://biblia.deon.pl/otworz.php?skrot=1%20Krl%203 https://biblia.deon.pl/otworz.php?skrot=1%20Krl%204 https://biblia.deon.pl/otworz.php?skrot=Ez%2017 https://biblia.deon.pl/otworz.php?skrot=Ez%2018
198,2027-02-24,1 Krl 5,Ez 19,,,Łk 23,2 Tm 1,14234,https://biblia.deon.pl/otworz.php?skrot=1%20Krl%205 https://biblia.deon.pl/otworz.php?skrot=Ez%2019 https://biblia.deon.pl/otworz.php?skrot=%A3k%2023 https://biblia.deon.pl/otworz.php?skrot=2%20Tm%201
199,2027-02-25,1 Krl 6,,Mdr 13-14,Ps 88,,2 Tm 2,15250,https://biblia.deon.pl/otworz.php?skrot=1%20Krl%206 https://biblia.deon.pl/otworz.php?skrot=Mdr%2013 https://biblia.deon.pl/otworz.php?skrot=Mdr%2014 https://biblia.deon.pl/otworz.php?skrot=Ps%2088 https://biblia.deon.pl/otworz.php?skrot=2%20Tm%202
200,2027-02-26,1 Krl 7,Ez 20,,,,,14042,https://biblia.deon.pl/otworz.php?skrot=1%20Krl%207 https://biblia.deon.pl/otworz.php?skrot=Ez%2020
201,2027-02-27,1 Krl 8,,,Ps 89,,,15147,https://biblia.deon.pl/otworz.php?skrot=1%20Krl%208 https://biblia.deon.pl/otworz.php?skrot=Ps%2089
202,2027-02-28,1 Krl 9-10,,,,Łk 24,,13503,https://biblia.deon.pl/otworz.php?skrot=1%20Krl%209 https://biblia.deon.pl/otworz.php?skrot=1%20Krl%2010 https://biblia.deon.pl/otworz.php?skrot=%A3k%2024
203,2027-03-01,1 Krl 11,,Mdr 15,Ps 90,,2 Tm 3,12139,https://biblia.deon.pl/otworz.php?skrot=1%20Krl%2011 https://biblia.deon.pl/otworz.php?skrot=Mdr%2015 https://biblia.deon.pl/otworz.php?skrot=Ps%2090 https://biblia.deon.pl/otworz.php?skrot=2%20Tm%203
204,2027-03-02,1 Krl 12,Ez 21,,,,2 Tm 4,12334,https://biblia.deon.pl/otworz.php?skrot=1%20Krl%2012 https://biblia.deon.pl/otworz.php?skrot=Ez%2021 https://biblia.deon.pl/otworz.php?skrot=2%20Tm%204
205,2027-03-03,1 Krl 13,Ez 22,,,J 1,,14384,https://biblia.deon.pl/otworz.php?skrot=1%20Krl%2013 https://biblia.deon.pl/otworz.php?skrot=Ez%2022 https://biblia.deon.pl/otworz.php?skrot=J%201
206,2027-03-04,1 Krl 14,,Mdr 16,Ps 91,,Tt 1,11240,https://biblia.deon.pl/otworz.php?skrot=1%20Krl%2014 https://biblia.deon.pl/otworz.php?skrot=Mdr%2016 https://biblia.deon.pl/otworz.php?skrot=Ps%2091 https://biblia.deon.pl/otworz.php?skrot=Tt%201
207,2027-03-05,1 Krl 15,Ez 23,,,,,11186,https://biblia.deon.pl/otworz.php?skrot=1%20Krl%2015 https://biblia.deon.pl/otworz.php?skrot=Ez%2023
208,2027-03-06,1 Krl 16,,,Ps 92,J 2,Tt 2,10268,https://biblia.deon.pl/otworz.php?skrot=1%20Krl%2016 https://biblia.deon.pl/otworz.php?skrot=Ps%2092 https://biblia.deon.pl/otworz.php?skrot=J%202 https://biblia.deon.pl/otworz.php?skrot=Tt%202
209,2027-03-07,1 Krl 17,Ez 24,Mdr 17,,,Tt 3,10925,https://biblia.deon.pl/otworz.php?skrot=1%20Krl%2017 https://biblia.deon.pl/otworz.php?skrot=Ez%2024 https://biblia.deon.pl/otworz.php?skrot=Mdr%2017 https://biblia.deon.pl/otworz.php?skrot=Tt%203
210,2027-03-08,1 Krl 18,,,Ps 93,J 3,,11207,https://biblia.deon.pl/otworz.php?skrot=1%20Krl%2018 https://biblia.deon.pl/otworz.php?skrot=Ps%2093 https://biblia.deon.pl/otworz.php?skrot=J%203
211,2027-03-09,1 Krl 19,Ez 25,Mdr 18,Ps 94,,Flm 1,12986,https://biblia.deon.pl/otworz.php?skrot=1%20Krl%2019 https://biblia.deon.pl/otworz.php?skrot=Ez%2025 https://biblia.deon.pl/otworz.php?skrot=Mdr%2018 https://biblia.deon.pl/otworz.php?skrot=Ps%2094 https://biblia.deon.pl/otworz.php?skrot=Flm%201
212,2027-03-10,1 Krl 20,Ez 26,,,,Hbr 1,11821,https://biblia.deon.pl/otworz.php?skrot=1%20Krl%2020 https://biblia.deon.pl/otworz.php?skrot=Ez%2026 https://biblia.deon.pl/otworz.php?skrot=Hbr%201
213,2027-03-11,1 Krl 21,Ez 27,,,J 4,,14303,https://biblia.deon.pl/otworz.php?skrot=1%20Krl%2021 https://biblia.deon.pl/otworz.php?skrot=Ez%2027 https://biblia.deon.pl/otworz.php?skrot=J%204
214,2027-03-12,1 Krl 22; 2 Krl 1,,Mdr 19,,,,13121,https://biblia.deon.pl/otworz.php?skrot=1%20Krl%2022 https://biblia.deon.pl/otworz.php?skrot=2%20Krl%201 https://biblia.deon.pl/otworz.php?skrot=Mdr%2019
215,2027-03-13,2 Krl 2,Ez 28,,Ps 95,,Hbr 2,11163,https://biblia.deon.pl/otworz.php?skrot=2%20Krl%202 https://biblia.deon.pl/otworz.php?skrot=Ez%2028 https://biblia.deon.pl/otworz.php?skrot=Ps%2095 https://biblia.deon.pl/otworz.php?skrot=Hbr%202
216,2027-03-14,2 Krl 3,,Syr 1,Ps 96,J 5,,12549,https://biblia.deon.pl/otworz.php?skrot=2%20Krl%203 https://biblia.deon.pl/otworz.php?skrot=Syr%201 https://biblia.deon.pl/otworz.php?skrot=Ps%2096 https://biblia.deon.pl/otworz.php?skrot=J%205
217,2027-03-15,2 Krl 4,Ez 29,Syr 2,,,Hbr 3,13043,https://biblia.deon.pl/otworz.php?skrot=2%20Krl%204 https://biblia.deon.pl/otworz.php?skrot=Ez%2029 https://biblia.deon.pl/otworz.php?skrot=Syr%202 https://biblia.deon.pl/otworz.php?skrot=Hbr%203
218,2027-03-16,2 Krl 5-6,,,Ps 97,,Hbr 4,12785,https://biblia.deon.pl/otworz.php?skrot=2%20Krl%205 https://biblia.deon.pl/otworz.php?skrot=2%20Krl%206 https://biblia.deon.pl/otworz.php?skrot=Ps%2097 https://biblia.deon.pl/otworz.php?skrot=Hbr%204
219,2027-03-17,2 Krl 7,Ez 30-31,Syr 3,,,,12379,https://biblia.deon.pl/otworz.php?skrot=2%20Krl%207 https://biblia.deon.pl/otworz.php?skrot=Ez%2030 https://biblia.deon.pl/otworz.php?skrot=Ez%2031 https://biblia.deon.pl/otworz.php?skrot=Syr%203
220,2027-03-18,2 Krl 8,,,,J 6,Hbr 5,13483,https://biblia.deon.pl/otworz.php?skrot=2%20Krl%208 https://biblia.deon.pl/otworz.php?skrot=J%206 https://biblia.deon.pl/otworz.php?skrot=Hbr%205
221,2027-03-19,2 Krl 9,Ez 32,Syr 4,,,,13121,https://biblia.deon.pl/otworz.php?skrot=2%20Krl%209 https://biblia.deon.pl/otworz.php?skrot=Ez%2032 https://biblia.deon.pl/otworz.php?skrot=Syr%204
222,2027-03-20,2 Krl 10-11,,,Ps 98,,Hbr 6,12036,https://biblia.deon.pl/otworz.php?skrot=2%20Krl%2010 https://biblia.deon.pl/otworz.php?skrot=2%20Krl%2011 https://biblia.deon.pl/otworz.php?skrot=Ps%2098 https://biblia.deon.pl/otworz.php?skrot=Hbr%206
223,2027-03-21,2 Krl 12-13,Ez 33,,,,,12323,https://biblia.deon.pl/otworz.php?skrot=2%20Krl%2012 https://biblia.deon.pl/otworz.php?skrot=2%20Krl%2013 https://biblia.deon.pl/otworz.php?skrot=Ez%2033
224,2027-03-22,2 Krl 14,,,Ps 99,J 7,,10414,https://biblia.deon.pl/otworz.php?skrot=2%20Krl%2014 https://biblia.deon.pl/otworz.php?skrot=Ps%2099 https://biblia.deon.pl/otworz.php?skrot=J%207
225,2027-03-23,2 Krl 15,,Syr 5,Ps 100,,Hbr 7,10870,https://biblia.deon.pl/otworz.php?skrot=2%20Krl%2015 https://biblia.deon.pl/otworz.php?skrot=Syr%205 https://biblia.deon.pl/otworz.php?skrot=Ps%20100 https://biblia.deon.pl/otworz.php?skrot=Hbr%207
226,2027-03-24,2 Krl 16,Ez 34-35,Syr 6,,,,12371,https://biblia.deon.pl/otworz.php?skrot=2%20Krl%2016 https://biblia.deon.pl/otworz.php?skrot=Ez%2034 https://biblia.deon.pl/otworz.php?skrot=Ez%2035 https://biblia.deon.pl/otworz.php?skrot=Syr%206
227,2027-03-25,2 Krl 17-18,,,,,Hbr 8,13903,https://biblia.deon.pl/otworz.php?skrot=2%20Krl%2017 https://biblia.deon.pl/otworz.php?skrot=2%20Krl%2018 https://biblia.deon.pl/otworz.php?skrot=Hbr%208
228,2027-03-26,2 Krl 19,,,Ps 101,J 8,,12773,https://biblia.deon.pl/otworz.php?skrot=2%20Krl%2019 https://biblia.deon.pl/otworz.php?skrot=Ps%20101 https://biblia.deon.pl/otworz.php?skrot=J%208
229,2027-03-27,2 Krl 20,Ez 36,,,,Hbr 9,12312,https://biblia.deon.pl/otworz.php?skrot=2%20Krl%2020 https://biblia.deon.pl/otworz.php?skrot=Ez%2036 https://biblia.deon.pl/otworz.php?skrot=Hbr%209
230,2027-03-28,2 Krl 21-22,Ez 37,Syr 7,,,,13818,https://biblia.deon.pl/otworz.php?skrot=2%20Krl%2021 https://biblia.deon.pl/otworz.php?skrot=2%20Krl%2022 https://biblia.deon.pl/otworz.php?skrot=Ez%2037 https://biblia.deon.pl/otworz.php?skrot=Syr%207
231,2027-03-29,2 Krl 23,Ez 38,,Ps 102,,,12574,https://biblia.deon.pl/otworz.php?skrot=2%20Krl%2023 https://biblia.deon.pl/otworz.php?skrot=Ez%2038 https://biblia.deon.pl/otworz.php?skrot=Ps%20102
232,2027-03-30,2 Krl 24-25,,Syr 8,,J 9,,14195,https://biblia.deon.pl/otworz.php?skrot=2%20Krl%2024 https://biblia.deon.pl/otworz.php?skrot=2%20Krl%2025 https://biblia.deon.pl/otworz.php?skrot=Syr%208 https://biblia.deon.pl/otworz.php?skrot=J%209
233,2027-03-31,1 Krn 1-2,,Syr 9,Ps 103,,Hbr 10,15380,https://biblia.deon.pl/otworz.php?skrot=1%20Krn%201 https://biblia.deon.pl/otworz.php?skrot=1%20Krn%202 https://biblia.deon.pl/otworz.php?skrot=Syr%209 https://biblia.deon.pl/otworz.php?skrot=Ps%20103 https://biblia.deon.pl/otworz.php?skrot=Hbr%2010
234,2027-04-01,1 Krn 3,Ez 39-40,,,,,13832,https://biblia.deon.pl/otworz.php?skrot=1%20Krn%203 https://biblia.deon.pl/otworz.php?skrot=Ez%2039 https://biblia.deon.pl/otworz.php?skrot=Ez%2040
235,2027-04-02,1 Krn 4,,,,J 10,,8130,https://biblia.deon.pl/otworz.php?skrot=1%20Krn%204 https://biblia.deon.pl/otworz.php?skrot=J%2010
236,2027-04-03,1 Krn 5,,Syr 10,Ps 104,,,9837,https://biblia.deon.pl/otworz.php?skrot=1%20Krn%205 https://biblia.deon.pl/otworz.php?skrot=Syr%2010 https://biblia.deon.pl/otworz.php?skrot=Ps%20104
237,2027-04-04,1 Krn 6-7,,,,,Hbr 11,14513,https://biblia.deon.pl/otworz.php?skrot=1%20Krn%206 https://biblia.deon.pl/otworz.php?skrot=1%20Krn%207 https://biblia.deon.pl/otworz.php?skrot=Hbr%2011
238,2027-04-05,1 Krn 8,,Syr 11,Ps 105,J 11,,14325,https://biblia.deon.pl/otworz.php?skrot=1%20Krn%208 https://biblia.deon.pl/otworz.php?skrot=Syr%2011 https://biblia.deon.pl/otworz.php?skrot=Ps%20105 https://biblia.deon.pl/otworz.php?skrot=J%2011
239,2027-04-06,1 Krn 9-10,Ez 41-42,,,,,12938,https://biblia.deon.pl/otworz.php?skrot=1%20Krn%209 https://biblia.deon.pl/otworz.php?skrot=1%20Krn%2010 https://biblia.deon.pl/otworz.php?skrot=Ez%2041 https://biblia.deon.pl/otworz.php?skrot=Ez%2042
240,2027-04-07,1 Krn 11,Ez 43,Syr 12,Ps 106,,,14410,https://biblia.deon.pl/otworz.php?skrot=1%20Krn%2011 https://biblia.deon.pl/otworz.php?skrot=Ez%2043 https://biblia.deon.pl/otworz.php?skrot=Syr%2012 https://biblia.deon.pl/otworz.php?skrot=Ps%20106
241,2027-04-08,1 Krn 12,,,,J 12,Hbr 12,14181,https://biblia.deon.pl/otworz.php?skrot=1%20Krn%2012 https://biblia.deon.pl/otworz.php?skrot=J%2012 https://biblia.deon.pl/otworz.php?skrot=Hbr%2012
242,2027-04-09,1 Krn 13-14,Ez 44,,Ps 107,,,11582,https://biblia.deon.pl/otworz.php?skrot=1%20Krn%2013 https://biblia.deon.pl/otworz.php?skrot=1%20Krn%2014 https://biblia.deon.pl/otworz.php?skrot=Ez%2044 https://biblia.deon.pl/otworz.php?skrot=Ps%20107
243,2027-04-10,1 Krn 15-16,,Syr 13,,,Hbr 13,12900,https://biblia.deon.pl/otworz.php?skrot=1%20Krn%2015 https://biblia.deon.pl/otworz.php?skrot=1%20Krn%2016 https://biblia.deon.pl/otworz.php?skrot=Syr%2013 https://biblia.deon.pl/otworz.php?skrot=Hbr%2013
244,2027-04-11,1 Krn 17,Ez 45,,,J 13,,12013,https://biblia.deon.pl/otworz.php?skrot=1%20Krn%2017 https://biblia.deon.pl/otworz.php?skrot=Ez%2045 https://biblia.deon.pl/otworz.php?skrot=J%2013
245,2027-04-12,1 Krn 18-19,Ez 46,Syr 14,Ps 108,,,12852,https://biblia.deon.pl/otworz.php?skrot=1%20Krn%2018 https://biblia.deon.pl/otworz.php?skrot=1%20Krn%2019 https://biblia.deon.pl/otworz.php?skrot=Ez%2046 https://biblia.deon.pl/otworz.php?skrot=Syr%2014 https://biblia.deon.pl/otworz.php?skrot=Ps%20108
246,2027-04-13,1 Krn 20-21,,Syr 15,Ps 109,,Jk 1,12554,https://biblia.deon.pl/otworz.php?skrot=1%20Krn%2020 https://biblia.deon.pl/otworz.php?skrot=1%20Krn%2021 https://biblia.deon.pl/otworz.php?skrot=Syr%2015 https://biblia.deon.pl/otworz.php?skrot=Ps%20109 https://biblia.deon.pl/otworz.php?skrot=Jk%201
247,2027-04-14,1 Krn 22-23,Ez 47,,,J 14,,13206,https://biblia.deon.pl/otworz.php?skrot=1%20Krn%2022 https://biblia.deon.pl/otworz.php?skrot=1%20Krn%2023 https://biblia.deon.pl/otworz.php?skrot=Ez%2047 https://biblia.deon.pl/otworz.php?skrot=J%2014
248,2027-04-15,1 Krn 24-27,,,,,,13057,https://biblia.deon.pl/otworz.php?skrot=1%20Krn%2024 https://biblia.deon.pl/otworz.php?skrot=1%20Krn%2025 https://biblia.deon.pl/otworz.php?skrot=1%20Krn%2026 https://biblia.deon.pl/otworz.php?skrot=1%20Krn%2027
249,2027-04-16,1 Krn 28,,,Ps 110,J 15,Jk 2,10502,https://biblia.deon.pl/otworz.php?skrot=1%20Krn%2028 https://biblia.deon.pl/otworz.php?skrot=Ps%20110 https://biblia.deon.pl/otworz.php?skrot=J%2015 https://biblia.deon.pl/otworz.php?skrot=Jk%202
250,2027-04-17,1 Krn 29,Ez 48,Syr 16,,,,12558,https://biblia.deon.pl/otworz.php?skrot=1%20Krn%2029 https://biblia.deon.pl/otworz.php?skrot=Ez%2048 https://biblia.deon.pl/otworz.php?skrot=Syr%2016
251,2027-04-18,2 Krn 1-2,Dn 1,,Ps 111,,Jk 3,11679,https://biblia.deon.pl/otworz.php?skrot=2%20Krn%201 https://biblia.deon.pl/otworz.php?skrot=2%20Krn%202 https://biblia.deon.pl/otworz.php?skrot=Dn%201 https://biblia.deon.pl/otworz.php?skrot=Ps%20111 https://biblia.deon.pl/otworz.php?skrot=Jk%203
252,2027-04-19,2 Krn 3-5,,,,J 16,Jk 4,13014,https://biblia.deon.pl/otworz.php?skrot=2%20Krn%203 https://biblia.deon.pl/otworz.php?skrot=2%20Krn%204 https://biblia.deon.pl/otworz.php?skrot=2%20Krn%205 https://biblia.deon.pl/otworz.php?skrot=J%2016 https://biblia.deon.pl/otworz.php?skrot=Jk%204
253,2027-04-20,2 Krn 6,,Syr 17-18,,,,12198,https://biblia.deon.pl/otworz.php?skrot=2%20Krn%206 https://biblia.deon.pl/otworz.php?skrot=Syr%2017 https://biblia.deon.pl/otworz.php?skrot=Syr%2018
254,2027-04-21,2 Krn 7,Dn 2,,Ps 112,,,11749,https://biblia.deon.pl/otworz.php?skrot=2%20Krn%207 https://biblia.deon.pl/otworz.php?skrot=Dn%202 https://biblia.deon.pl/otworz.php?skrot=Ps%20112
255,2027-04-22,2 Krn 8-9,,,,J 17,Jk 5,12588,https://biblia.deon.pl/otworz.php?skrot=2%20Krn%208 https://biblia.deon.pl/otworz.php?skrot=2%20Krn%209 https://biblia.deon.pl/otworz.php?skrot=J%2017 https://biblia.deon.pl/otworz.php?skrot=Jk%205
256,2027-04-23,2 Krn 10,,Syr 19,Ps 113,J 18,,10517,https://biblia.deon.pl/otworz.php?skrot=2%20Krn%2010 https://biblia.deon.pl/otworz.php?skrot=Syr%2019 https://biblia.deon.pl/otworz.php?skrot=Ps%20113 https://biblia.deon.pl/otworz.php?skrot=J%2018
257,2027-04-24,2 Krn 11-13,,,Ps 114,,1 P 1,12195,https://biblia.deon.pl/otworz.php?skrot=2%20Krn%2011 https://biblia.deon.pl/otworz.php?skrot=2%20Krn%2012 https://biblia.deon.pl/otworz.php?skrot=2%20Krn%2013 https://biblia.deon.pl/otworz.php?skrot=Ps%20114 https://biblia.deon.pl/otworz.php?skrot=1%20P%201
258,2027-04-25,2 Krn 14,Dn 3,,,,,14253,https://biblia.deon.pl/otworz.php?skrot=2%20Krn%2014 https://biblia.deon.pl/otworz.php?skrot=Dn%203
259,2027-04-26,2 Krn 15-16,,Syr 20,,J 19,,12489,https://biblia.deon.pl/otworz.php?skrot=2%20Krn%2015 https://biblia.deon.pl/otworz.php?skrot=2%20Krn%2016 https://biblia.deon.pl/otworz.php?skrot=Syr%2020 https://biblia.deon.pl/otworz.php?skrot=J%2019
260,2027-04-27,2 Krn 17-19,,,,,1 P 2,12268,https://biblia.deon.pl/otworz.php?skrot=2%20Krn%2017 https://biblia.deon.pl/otworz.php?skrot=2%20Krn%2018 https://biblia.deon.pl/otworz.php?skrot=2%20Krn%2019 https://biblia.deon.pl/otworz.php?skrot=1%20P%202
261,2027-04-28,2 Krn 20,,Syr 21,Ps 115,J 20,,12883,https://biblia.deon.pl/otworz.php?skrot=2%20Krn%2020 https://biblia.deon.pl/otworz.php?skrot=Syr%2021 https://biblia.deon.pl/otworz.php?skrot=Ps%20115 https://biblia.deon.pl/otworz.php?skrot=J%2020
262,2027-04-29,2 Krn 21,Dn 4,,,,1 P 3,11906,https://biblia.deon.pl/otworz.php?skrot=2%20Krn%2021 https://biblia.deon.pl/otworz.php?skrot=Dn%204 https://biblia.deon.pl/otworz.php?skrot=1%20P%203
263,2027-04-30,2 Krn 22-23,Dn 5,,Ps 116,,,11484,https://biblia.deon.pl/otworz.php?skrot=2%20Krn%2022 https://biblia.deon.pl/otworz.php?skrot=2%20Krn%2023 https://biblia.deon.pl/otworz.php?skrot=Dn%205 https://biblia.deon.pl/otworz.php?skrot=Ps%20116
264,2027-05-01,2 Krn 24,,Syr 22,Ps 117,J 21,1 P 4,13098,https://biblia.deon.pl/otworz.php?skrot=2%20Krn%2024 https://biblia.deon.pl/otworz.php?skrot=Syr%2022 https://biblia.deon.pl/otworz.php?skrot=Ps%20117 https://biblia.deon.pl/otworz.php?skrot=J%2021 https://biblia.deon.pl/otworz.php?skrot=1%20P%204
265,2027-05-02,2 Krn 25-26,,,Ps 118,,1 P 5; 2 P 1,14289,https://biblia.deon.pl/otworz.php?skrot=2%20Krn%2025 https://biblia.deon.pl/otworz.php?skrot=2%20Krn%2026 https://biblia.deon.pl/otworz.php?skrot=Ps%20118 https://biblia.deon.pl/otworz.php?skrot=1%20P%205 https://biblia.deon.pl/otworz.php?skrot=2%20P%201
266,2027-05-03,2 Krn 27-28,Dn 6-7,,,,,14125,https://biblia.deon.pl/otworz.php?skrot=2%20Krn%2027 https://biblia.deon.pl/otworz.php?skrot=2%20Krn%2028 https://biblia.deon.pl/otworz.php?skrot=Dn%206 https://biblia.deon.pl/otworz.php?skrot=Dn%207
267,2027-05-04,2 Krn 29-30,,,,Dz 1,,13102,https://biblia.deon.pl/otworz.php?skrot=2%20Krn%2029 https://biblia.deon.pl/otworz.php?skrot=2%20Krn%2030 https://biblia.deon.pl/otworz.php?skrot=Dz%201
268,2027-05-05,2 Krn 31,Dn 8,Syr 23-24,,,,13873,https://biblia.deon.pl/otworz.php?skrot=2%20Krn%2031 https://biblia.deon.pl/otworz.php?skrot=Dn%208 https://biblia.deon.pl/otworz.php?skrot=Syr%2023 https://biblia.deon.pl/otworz.php?skrot=Syr%2024
269,2027-05-06,2 Krn 32-33,,,,Dz 2,,14197,https://biblia.deon.pl/otworz.php?skrot=2%20Krn%2032 https://biblia.deon.pl/otworz.php?skrot=2%20Krn%2033 https://biblia.deon.pl/otworz.php?skrot=Dz%202
270,2027-05-07,2 Krn 34,,,Ps 119,,,18632,https://biblia.deon.pl/otworz.php?skrot=2%20Krn%2034 https://biblia.deon.pl/otworz.php?skrot=Ps%20119
271,2027-05-08,2 Krn 35,Dn 9,,,,2 P 2,12739,https://biblia.deon.pl/otworz.php?skrot=2%20Krn%2035 https://biblia.deon.pl/otworz.php?skrot=Dn%209 https://biblia.deon.pl/otworz.php?skrot=2%20P%202
272,2027-05-09,2 Krn 36; Ezd 1,Dn 10,,Ps 120,Dz 3,,11828,https://biblia.deon.pl/otworz.php?skrot=2%20Krn%2036 https://biblia.deon.pl/otworz.php?skrot=Ezd%201 https://biblia.deon.pl/otworz.php?skrot=Dn%2010 https://biblia.deon.pl/otworz.php?skrot=Ps%20120 https://biblia.deon.pl/otworz.php?skrot=Dz%203
273,2027-05-10,Ezd 2-3,,Syr 25,Ps 121,,,10561,https://biblia.deon.pl/otworz.php?skrot=Ezd%202 https://biblia.deon.pl/otworz.php?skrot=Ezd%203 https://biblia.deon.pl/otworz.php?skrot=Syr%2025 https://biblia.deon.pl/otworz.php?skrot=Ps%20121
274,2027-05-11,Ezd 4,,Syr 26,,Dz 4,2 P 3,12552,https://biblia.deon.pl/otworz.php?skrot=Ezd%204 https://biblia.deon.pl/otworz.php?skrot=Syr%2026 https://biblia.deon.pl/otworz.php?skrot=Dz%204 https://biblia.deon.pl/otworz.php?skrot=2%20P%203
275,2027-05-12,Ezd 5,Dn 11-12,,Ps 122,,,12151,https://biblia.deon.pl/otworz.php?skrot=Ezd%205 https://biblia.deon.pl/otworz.php?skrot=Dn%2011 https://biblia.deon.pl/otworz.php?skrot=Dn%2012 https://biblia.deon.pl/otworz.php?skrot=Ps%20122
276,2027-05-13,Ezd 6-7,,Syr 27,Ps 123,,1 J 1,12181,https://biblia.deon.pl/otworz.php?skrot=Ezd%206 https://biblia.deon.pl/otworz.php?skrot=Ezd%207 https://biblia.deon.pl/otworz.php?skrot=Syr%2027 https://biblia.deon.pl/otworz.php?skrot=Ps%20123 https://biblia.deon.pl/otworz.php?skrot=1%20J%201
277,2027-05-14,Ezd 8-9,,,,Dz 5,,12479,https://biblia.deon.pl/otworz.php?skrot=Ezd%208 https://biblia.deon.pl/otworz.php?skrot=Ezd%209 https://biblia.deon.pl/otworz.php?skrot=Dz%205
278,2027-05-15,Ezd 10,,Syr 28,,Dz 6,1 J 2,13042,https://biblia.deon.pl/otworz.php?skrot=Ezd%2010 https://biblia.deon.pl/otworz.php?skrot=Syr%2028 https://biblia.deon.pl/otworz.php?skrot=Dz%206 https://biblia.deon.pl/otworz.php?skrot=1%20J%202
279,2027-05-16,Ne 1-2,Dn 13,,,,,12275,https://biblia.deon.pl/otworz.php?skrot=Ne%201 https://biblia.deon.pl/otworz.php?skrot=Ne%202 https://biblia.deon.pl/otworz.php?skrot=Dn%2013
280,2027-05-17,Ne 3-4,Dn 14,,Ps 124,,,12807,https://biblia.deon.pl/otworz.php?skrot=Ne%203 https://biblia.deon.pl/otworz.php?skrot=Ne%204 https://biblia.deon.pl/otworz.php?skrot=Dn%2014 https://biblia.deon.pl/otworz.php?skrot=Ps%20124
281,2027-05-18,Ne 5-6,Oz 1,Syr 29,,,1 J 3,12733,https://biblia.deon.pl/otworz.php?skrot=Ne%205 https://biblia.deon.pl/otworz.php?skrot=Ne%206 https://biblia.deon.pl/otworz.php?skrot=Oz%201 https://biblia.deon.pl/otworz.php?skrot=Syr%2029 https://biblia.deon.pl/otworz.php?skrot=1%20J%203
282,2027-05-19,Ne 7,,,,Dz 7,,12767,https://biblia.deon.pl/otworz.php?skrot=Ne%207 https://biblia.deon.pl/otworz.php?skrot=Dz%207
283,2027-05-20,Ne 8,Oz 2-3,,Ps 125,,1 J 4,10060,https://biblia.deon.pl/otworz.php?skrot=Ne%208 https://biblia.deon.pl/otworz.php?skrot=Oz%202 https://biblia.deon.pl/otworz.php?skrot=Oz%203 https://biblia.deon.pl/otworz.php?skrot=Ps%20125 https://biblia.deon.pl/otworz.php?skrot=1%20J%204
284,2027-05-21,Ne 9,Oz 4,Syr 30,Ps 126,,,11551,https://biblia.deon.pl/otworz.php?skrot=Ne%209 https://biblia.deon.pl/otworz.php?skrot=Oz%204 https://biblia.deon.pl/otworz.php?skrot=Syr%2030 https://biblia.deon.pl/otworz.php?skrot=Ps%20126
285,2027-05-22,Ne 10-11,Oz 5-6,,,,1 J 5,12899,https://biblia.deon.pl/otworz.php?skrot=Ne%2010 https://biblia.deon.pl/otworz.php?skrot=Ne%2011 https://biblia.deon.pl/otworz.php?skrot=Oz%205 https://biblia.deon.pl/otworz.php?skrot=Oz%206 https://biblia.deon.pl/otworz.php?skrot=1%20J%205
286,2027-05-23,Ne 12,,Syr 31,,Dz 8,,12645,https://biblia.deon.pl/otworz.php?skrot=Ne%2012 https://biblia.deon.pl/otworz.php?skrot=Syr%2031 https://biblia.deon.pl/otworz.php?skrot=Dz%208
287,2027-05-24,Ne 13,Oz 7-9,,,,2 J 1,12381,https://biblia.deon.pl/otworz.php?skrot=Ne%2013 https://biblia.deon.pl/otworz.php?skrot=Oz%207 https://biblia.deon.pl/otworz.php?skrot=Oz%208 https://biblia.deon.pl/otworz.php?skrot=Oz%209 https://biblia.deon.pl/otworz.php?skrot=2%20J%201
288,2027-05-25,Tb 1,,,Ps 127,Dz 9,3 J 1,11288,https://biblia.deon.pl/otworz.php?skrot=Tb%201 https://biblia.deon.pl/otworz.php?skrot=Ps%20127 https://biblia.deon.pl/otworz.php?skrot=Dz%209 https://biblia.deon.pl/otworz.php?skrot=3%20J%201
289,2027-05-26,Tb 2-3,Oz 10-11,Syr 32,Ps 128,,,12463,https://biblia.deon.pl/otworz.php?skrot=Tb%202 https://biblia.deon.pl/otworz.php?skrot=Tb%203 https://biblia.deon.pl/otworz.php?skrot=Oz%2010 https://biblia.deon.pl/otworz.php?skrot=Oz%2011 https://biblia.deon.pl/otworz.php?skrot=Syr%2032 https://biblia.deon.pl/otworz.php?skrot=Ps%20128
290,2027-05-27,Tb 4-5,Oz 12-13,,,,,12217,https://biblia.deon.pl/otworz.php?skrot=Tb%204 https://biblia.deon.pl/otworz.php?skrot=Tb%205 https://biblia.deon.pl/otworz.php?skrot=Oz%2012 https://biblia.deon.pl/otworz.php?skrot=Oz%2013
291,2027-05-28,Tb 6-7,Oz 14,,Ps 129,,Jud 1,12694,https://biblia.deon.pl/otworz.php?skrot=Tb%206 https://biblia.deon.pl/otworz.php?skrot=Tb%207 https://biblia.deon.pl/otworz.php?skrot=Oz%2014 https://biblia.deon.pl/otworz.php?skrot=Ps%20129 https://biblia.deon.pl/otworz.php?skrot=Jud%201
292,2027-05-29,Tb 8,Jl 1,Syr 33,,Dz 10,,13629,https://biblia.deon.pl/otworz.php?skrot=Tb%208 https://biblia.deon.pl/otworz.php?skrot=Jl%201 https://biblia.deon.pl/otworz.php?skrot=Syr%2033 https://biblia.deon.pl/otworz.php?skrot=Dz%2010
293,2027-05-30,Tb 9-12,Jl 2,,,,,13686,https://biblia.deon.pl/otworz.php?skrot=Tb%209 https://biblia.deon.pl/otworz.php?skrot=Tb%2010 https://biblia.deon.pl/otworz.php?skrot=Tb%2011 https://biblia.deon.pl/otworz.php?skrot=Tb%2012 https://biblia.deon.pl/otworz.php?skrot=Jl%202
294,2027-05-31,Tb 13,Jl 3,Syr 34,Ps 130,Dz 11,Ap 1,12892,https://biblia.deon.pl/otworz.php?skrot=Tb%2013 https://biblia.deon.pl/otworz.php?skrot=Jl%203 https://biblia.deon.pl/otworz.php?skrot=Syr%2034 https://biblia.deon.pl/otworz.php?skrot=Ps%20130 https://biblia.deon.pl/otworz.php?skrot=Dz%2011 https://biblia.deon.pl/otworz.php?skrot=Ap%201
295,2027-06-01,Tb 14; Jdt 1-2,Jl 4,,,,,13192,https://biblia.deon.pl/otworz.php?skrot=Tb%2014 https://biblia.deon.pl/otworz.php?skrot=Jdt%201 https://biblia.deon.pl/otworz.php?skrot=Jdt%202 https://biblia.deon.pl/otworz.php?skrot=Jl%204
296,2027-06-02,Jdt 3,Am 1,Syr 35,,Dz 12,Ap 2,12173,https://biblia.deon.pl/otworz.php?skrot=Jdt%203 https://biblia.deon.pl/otworz.php?skrot=Am%201 https://biblia.deon.pl/otworz.php?skrot=Syr%2035 https://biblia.deon.pl/otworz.php?skrot=Dz%2012 https://biblia.deon.pl/otworz.php?skrot=Ap%202
297,2027-06-03,Jdt 4-6,Am 2,,Ps 131,,,11338,https://biblia.deon.pl/otworz.php?skrot=Jdt%204 https://biblia.deon.pl/otworz.php?skrot=Jdt%205 https://biblia.deon.pl/otworz.php?skrot=Jdt%206 https://biblia.deon.pl/otworz.php?skrot=Am%202 https://biblia.deon.pl/otworz.php?skrot=Ps%20131
298,2027-06-04,Jdt 7,Am 3-4,Syr 36,Ps 132,,,12646,https://biblia.deon.pl/otworz.php?skrot=Jdt%207 https://biblia.deon.pl/otworz.php?skrot=Am%203 https://biblia.deon.pl/otworz.php?skrot=Am%204 https://biblia.deon.pl/otworz.php?skrot=Syr%2036 https://biblia.deon.pl/otworz.php?skrot=Ps%20132
299,2027-06-05,Jdt 8,,,Ps 133,Dz 13,,11839,https://biblia.deon.pl/otworz.php?skrot=Jdt%208 https://biblia.deon.pl/otworz.php?skrot=Ps%20133 https://biblia.deon.pl/otworz.php?skrot=Dz%2013
300,2027-06-06,Jdt 9-10,Am 5,,,,Ap 3,12535,https://biblia.deon.pl/otworz.php?skrot=Jdt%209 https://biblia.deon.pl/otworz.php?skrot=Jdt%2010 https://biblia.deon.pl/otworz.php?skrot=Am%205 https://biblia.deon.pl/otworz.php?skrot=Ap%203
301,2027-06-07,Jdt 11,Am 6,Syr 37,,,Ap 4,10790,https://biblia.deon.pl/otworz.php?skrot=Jdt%2011 https://biblia.deon.pl/otworz.php?skrot=Am%206 https://biblia.deon.pl/otworz.php?skrot=Syr%2037 https://biblia.deon.pl/otworz.php?skrot=Ap%204
302,2027-06-08,Jdt 12-13,,,Ps 134,Dz 14,,9870,https://biblia.deon.pl/otworz.php?skrot=Jdt%2012 https://biblia.deon.pl/otworz.php?skrot=Jdt%2013 https://biblia.deon.pl/otworz.php?skrot=Ps%20134 https://biblia.deon.pl/otworz.php?skrot=Dz%2014
303,2027-06-09,Jdt 14,Am 7-9,,,,Ap 5,11176,https://biblia.deon.pl/otworz.php?skrot=Jdt%2014 https://biblia.deon.pl/otworz.php?skrot=Am%207 https://biblia.deon.pl/otworz.php?skrot=Am%208 https://biblia.deon.pl/otworz.php?skrot=Am%209 https://biblia.deon.pl/otworz.php?skrot=Ap%205
304,2027-06-10,Jdt 15-16,Ab 1,Syr 38,,,,13122,https://biblia.deon.pl/otworz.php?skrot=Jdt%2015 https://biblia.deon.pl/otworz.php?skrot=Jdt%2016 https://biblia.deon.pl/otworz.php?skrot=Ab%201 https://biblia.deon.pl/otworz.php?skrot=Syr%2038
305,2027-06-11,Est 1,,,Ps 135,Dz 15,Ap 6,11889,https://biblia.deon.pl/otworz.php?skrot=Est%201 https://biblia.deon.pl/otworz.php?skrot=Ps%20135 https://biblia.deon.pl/otworz.php?skrot=Dz%2015 https://biblia.deon.pl/otworz.php?skrot=Ap%206
306,2027-06-12,Est 2-3,Jon 1-2,,,,,11861,https://biblia.deon.pl/otworz.php?skrot=Est%202 https://biblia.deon.pl/otworz.php?skrot=Est%203 https://biblia.deon.pl/otworz.php?skrot=Jon%201 https://biblia.deon.pl/otworz.php?skrot=Jon%202
307,2027-06-13,Est 4-5,Jon 3,,Ps 136,,Ap 7,12935,https://biblia.deon.pl/otworz.php?skrot=Est%204 https://biblia.deon.pl/otworz.php?skrot=Est%205 https://biblia.deon.pl/otworz.php?skrot=Jon%203 https://biblia.deon.pl/otworz.php?skrot=Ps%20136 https://biblia.deon.pl/otworz.php?skrot=Ap%207
308,2027-06-14,Est 6,Jon 4,Syr 39,Ps 137,Dz 16,,13099,https://biblia.deon.pl/otworz.php?skrot=Est%206 https://biblia.deon.pl/otworz.php?skrot=Jon%204 https://biblia.deon.pl/otworz.php?skrot=Syr%2039 https://biblia.deon.pl/otworz.php?skrot=Ps%20137 https://biblia.deon.pl/otworz.php?skrot=Dz%2016
309,2027-06-15,Est 7-8,Mi 1-3,,,,Ap 8,12961,https://biblia.deon.pl/otworz.php?skrot=Est%207 https://biblia.deon.pl/otworz.php?skrot=Est%208 https://biblia.deon.pl/otworz.php?skrot=Mi%201 https://biblia.deon.pl/otworz.php?skrot=Mi%202 https://biblia.deon.pl/otworz.php?skrot=Mi%203 https://biblia.deon.pl/otworz.php?skrot=Ap%208
310,2027-06-16,Est 9-10,Mi 4,,Ps 138,Dz 17,,13333,https://biblia.deon.pl/otworz.php?skrot=Est%209 https://biblia.deon.pl/otworz.php?skrot=Est%2010 https://biblia.deon.pl/otworz.php?skrot=Mi%204 https://biblia.deon.pl/otworz.php?skrot=Ps%20138 https://biblia.deon.pl/otworz.php?skrot=Dz%2017
311,2027-06-17,1 Mch 1,,Syr 40,,,Ap 9-10,14755,https://biblia.deon.pl/otworz.php?skrot=1%20Mch%201 https://biblia.deon.pl/otworz.php?skrot=Syr%2040 https://biblia.deon.pl/otworz.php?skrot=Ap%209 https://biblia.deon.pl/otworz.php?skrot=Ap%2010
312,2027-06-18,1 Mch 2,Mi 5-6,,Ps 139,,,13862,https://biblia.deon.pl/otworz.php?skrot=1%20Mch%202 https://biblia.deon.pl/otworz.php?skrot=Mi%205 https://biblia.deon.pl/otworz.php?skrot=Mi%206 https://biblia.deon.pl/otworz.php?skrot=Ps%20139
313,2027-06-19,1 Mch 3,,Syr 41,,Dz 18,,13595,https://biblia.deon.pl/otworz.php?skrot=1%20Mch%203 https://biblia.deon.pl/otworz.php?skrot=Syr%2041 https://biblia.deon.pl/otworz.php?skrot=Dz%2018
314,2027-06-20,1 Mch 4,Mi 7; Na 1,,,,Ap 11,14172,https://biblia.deon.pl/otworz.php?skrot=1%20Mch%204 https://biblia.deon.pl/otworz.php?skrot=Mi%207 https://biblia.deon.pl/otworz.php?skrot=Na%201 https://biblia.deon.pl/otworz.php?skrot=Ap%2011
315,2027-06-21,1 Mch 5,Na 2,,,Dz 19,,15678,https://biblia.deon.pl/otworz.php?skrot=1%20Mch%205 https://biblia.deon.pl/otworz.php?skrot=Na%202 https://biblia.deon.pl/otworz.php?skrot=Dz%2019
316,2027-06-22,1 Mch 6,,Syr 42,,,Ap 12,13899,https://biblia.deon.pl/otworz.php?skrot=1%20Mch%206 https://biblia.deon.pl/otworz.php?skrot=Syr%2042 https://biblia.deon.pl/otworz.php?skrot=Ap%2012
317,2027-06-23,1 Mch 7,Na 3; Ha 1-2,,Ps 140,,,14781,https://biblia.deon.pl/otworz.php?skrot=1%20Mch%207 https://biblia.deon.pl/otworz.php?skrot=Na%203 https://biblia.deon.pl/otworz.php?skrot=Ha%201 https://biblia.deon.pl/otworz.php?skrot=Ha%202 https://biblia.deon.pl/otworz.php?skrot=Ps%20140
318,2027-06-24,1 Mch 8,Ha 3,Syr 43,,Dz 20,,14612,https://biblia.deon.pl/otworz.php?skrot=1%20Mch%208 https://biblia.deon.pl/otworz.php?skrot=Ha%203 https://biblia.deon.pl/otworz.php?skrot=Syr%2043 https://biblia.deon.pl/otworz.php?skrot=Dz%2020
319,2027-06-25,1 Mch 9,So 1,,,,Ap 13,14370,https://biblia.deon.pl/otworz.php?skrot=1%20Mch%209 https://biblia.deon.pl/otworz.php?skrot=So%201 https://biblia.deon.pl/otworz.php?skrot=Ap%2013
320,2027-06-26,1 Mch 10,,Syr 44,Ps 141,,,15330,https://biblia.deon.pl/otworz.php?skrot=1%20Mch%2010 https://biblia.deon.pl/otworz.php?skrot=Syr%2044 https://biblia.deon.pl/otworz.php?skrot=Ps%20141
321,2027-06-27,1 Mch 11,So 2,,,,Ap 14,15340,https://biblia.deon.pl/otworz.php?skrot=1%20Mch%2011 https://biblia.deon.pl/otworz.php?skrot=So%202 https://biblia.deon.pl/otworz.php?skrot=Ap%2014
322,2027-06-28,1 Mch 12,So 3,,,Dz 21,,14743,https://biblia.deon.pl/otworz.php?skrot=1%20Mch%2012 https://biblia.deon.pl/otworz.php?skrot=So%203 https://biblia.deon.pl/otworz.php?skrot=Dz%2021
323,2027-06-29,1 Mch 13,Ag 1,Syr 45,,,Ap 15,14145,https://biblia.deon.pl/otworz.php?skrot=1%20Mch%2013 https://biblia.deon.pl/otworz.php?skrot=Ag%201 https://biblia.deon.pl/otworz.php?skrot=Syr%2045 https://biblia.deon.pl/otworz.php?skrot=Ap%2015
324,2027-06-30,1 Mch 14,Ag 2,,Ps 142,Dz 22,,14838,https://biblia.deon.pl/otworz.php?skrot=1%20Mch%2014 https://biblia.deon.pl/otworz.php?skrot=Ag%202 https://biblia.deon.pl/otworz.php?skrot=Ps%20142 https://biblia.deon.pl/otworz.php?skrot=Dz%2022
325,2027-07-01,1 Mch 15-16,,,Ps 143,,Ap 16,12756,https://biblia.deon.pl/otworz.php?skrot=1%20Mch%2015 https://biblia.deon.pl/otworz.php?skrot=1%20Mch%2016 https://biblia.deon.pl/otworz.php?skrot=Ps%20143 https://biblia.deon.pl/otworz.php?skrot=Ap%2016
326,2027-07-02,2 Mch 1,Za 1-3,,Ps 144,,,12273,https://biblia.deon.pl/otworz.php?skrot=2%20Mch%201 https://biblia.deon.pl/otworz.php?skrot=Za%201 https://biblia.deon.pl/otworz.php?skrot=Za%202 https://biblia.deon.pl/otworz.php?skrot=Za%203 https://biblia.deon.pl/otworz.php?skrot=Ps%20144
327,2027-07-03,2 Mch 2,,Syr 46,,Dz 23,Ap 17,14073,https://biblia.deon.pl/otworz.php?skrot=2%20Mch%202 https://biblia.deon.pl/otworz.php?skrot=Syr%2046 https://biblia.deon.pl/otworz.php?skrot=Dz%2023 https://biblia.deon.pl/otworz.php?skrot=Ap%2017
328,2027-07-04,2 Mch 3,Za 4-5,Syr 47,Ps 145,,,13610,https://biblia.deon.pl/otworz.php?skrot=2%20Mch%203 https://biblia.deon.pl/otworz.php?skrot=Za%204 https://biblia.deon.pl/otworz.php?skrot=Za%205 https://biblia.deon.pl/otworz.php?skrot=Syr%2047 https://biblia.deon.pl/otworz.php?skrot=Ps%20145
329,2027-07-05,2 Mch 4,Za 6,,,,Ap 18,13345,https://biblia.deon.pl/otworz.php?skrot=2%20Mch%204 https://biblia.deon.pl/otworz.php?skrot=Za%206 https://biblia.deon.pl/otworz.php?skrot=Ap%2018
330,2027-07-06,2 Mch 5,Za 7-8,,,Dz 24,,12422,https://biblia.deon.pl/otworz.php?skrot=2%20Mch%205 https://biblia.deon.pl/otworz.php?skrot=Za%207 https://biblia.deon.pl/otworz.php?skrot=Za%208 https://biblia.deon.pl/otworz.php?skrot=Dz%2024
331,2027-07-07,2 Mch 6,Za 9,,Ps 146,Dz 25,,11777,https://biblia.deon.pl/otworz.php?skrot=2%20Mch%206 https://biblia.deon.pl/otworz.php?skrot=Za%209 https://biblia.deon.pl/otworz.php?skrot=Ps%20146 https://biblia.deon.pl/otworz.php?skrot=Dz%2025
332,2027-07-08,2 Mch 7,,Syr 48,Ps 147,,Ap 19,12952,https://biblia.deon.pl/otworz.php?skrot=2%20Mch%207 https://biblia.deon.pl/otworz.php?skrot=Syr%2048 https://biblia.deon.pl/otworz.php?skrot=Ps%20147 https://biblia.deon.pl/otworz.php?skrot=Ap%2019
333,2027-07-09,2 Mch 8,Za 10-12,,,,,12433,https://biblia.deon.pl/otworz.php?skrot=2%20Mch%208 https://biblia.deon.pl/otworz.php?skrot=Za%2010 https://biblia.deon.pl/otworz.php?skrot=Za%2011 https://biblia.deon.pl/otworz.php?skrot=Za%2012
334,2027-07-10,2 Mch 9,,Syr 49,,Dz 26,Ap 20,12804,https://biblia.deon.pl/otworz.php?skrot=2%20Mch%209 https://biblia.deon.pl/otworz.php?skrot=Syr%2049 https://biblia.deon.pl/otworz.php?skrot=Dz%2026 https://biblia.deon.pl/otworz.php?skrot=Ap%2020
335,2027-07-11,2 Mch 10,Za 13-14,,Ps 148,,,11855,https://biblia.deon.pl/otworz.php?skrot=2%20Mch%2010 https://biblia.deon.pl/otworz.php?skrot=Za%2013 https://biblia.deon.pl/otworz.php?skrot=Za%2014 https://biblia.deon.pl/otworz.php?skrot=Ps%20148
336,2027-07-12,2 Mch 11,,Syr 50,,Dz 27,,13261,https://biblia.deon.pl/otworz.php?skrot=2%20Mch%2011 https://biblia.deon.pl/otworz.php?skrot=Syr%2050 https://biblia.deon.pl/otworz.php?skrot=Dz%2027
337,2027-07-13,2 Mch 12,,,Ps 149,,Ap 21,11684,https://biblia.deon.pl/otworz.php?skrot=2%20Mch%2012 https://biblia.deon.pl/otworz.php?skrot=Ps%20149 https://biblia.deon.pl/otworz.php?skrot=Ap%2021
338,2027-07-14,2 Mch 13,Ml 1-2,Syr 51,,,,12463,https://biblia.deon.pl/otworz.php?skrot=2%20Mch%2013 https://biblia.deon.pl/otworz.php?skrot=Ml%201 https://biblia.deon.pl/otworz.php?skrot=Ml%202 https://biblia.deon.pl/otworz.php?skrot=Syr%2051
339,2027-07-15,2 Mch 14,,,Ps 150,Dz 28,,11299,https://biblia.deon.pl/otworz.php?skrot=2%20Mch%2014 https://biblia.deon.pl/otworz.php?skrot=Ps%20150 https://biblia.deon.pl/otworz.php?skrot=Dz%2028
340,2027-07-16,2 Mch 15,Ml 3,,,,Ap 22,12512,https://biblia.deon.pl/otworz.php?skrot=2%20Mch%2015 https://biblia.deon.pl/otworz.php?skrot=Ml%203 https://biblia.deon.pl/otworz.php?skrot=Ap%2022
