dzien,Pięcioksiąg i historyczne,Prorocy,Mądrościowe,Psalm,Ewangelie i Dzieje,Listy i Apokalipsa,znaki,linki
1,Rdz 1-4,Iz 1,Hi 1,Ps 1,Mt 1-2,Rz 1,29506,https://biblia.deon.pl/otworz.php?skrot=Rdz%201 https://biblia.deon.pl/otworz.php?skrot=Rdz%202 https://biblia.deon.pl/otworz.php?skrot=Rdz%203 https://biblia.deon.pl/otworz.php?skrot=Rdz%204 https://biblia.deon.pl/otworz.php?skrot=Iz%201 https://biblia.deon.pl/otworz.php?skrot=Hi%201 https://biblia.deon.pl/otworz.php?skrot=Ps%201 https://biblia.deon.pl/otworz.php?skrot=Mt%201 https://biblia.deon.pl/otworz.php?skrot=Mt%202 https://biblia.deon.pl/otworz.php?skrot=Rz%201
2,Rdz 5-10,Iz 2-5,Hi 2,Ps 2,Mt 3,,30083,https://biblia.deon.pl/otworz.php?skrot=Rdz%205 https://biblia.deon.pl/otworz.php?skrot=Rdz%206 https://biblia.deon.pl/otworz.php?skrot=Rdz%207 https://biblia.deon.pl/otworz.php?skrot=Rdz%208 https://biblia.deon.pl/otworz.php?skrot=Rdz%209 https://biblia.deon.pl/otworz.php?skrot=Rdz%2010 https://biblia.deon.pl/otworz.php?skrot=Iz%202 https://biblia.deon.pl/otworz.php?skrot=Iz%203 https://biblia.deon.pl/otworz.php?skrot=Iz%204 https://biblia.deon.pl/otworz.php?skrot=Iz%205 https://biblia.deon.pl/otworz.php?skrot=Hi%202 https://biblia.deon.pl/otworz.php?skrot=Ps%202 https://biblia.deon.pl/otworz.php?skrot=Mt%203
3,Rdz 11-17,Iz 6,Hi 3,Ps 3,Mt 4,Rz 2,29164,https://biblia.deon.pl/otworz.php?skrot=Rdz%2011 https://biblia.deon.pl/otworz.php?skrot=Rdz%2012 https://biblia.deon.pl/otworz.php?skrot=Rdz%2013 https://biblia.deon.pl/otworz.php?skrot=Rdz%2014 https://biblia.deon.pl/otworz.php?skrot=Rdz%2015 https://biblia.deon.pl/otworz.php?skrot=Rdz%2016 https://biblia.deon.pl/otworz.php?skrot=Rdz%2017 https://biblia.deon.pl/otworz.php?skrot=Iz%206 https://biblia.deon.pl/otworz.php?skrot=Hi%203 https://biblia.deon.pl/otworz.php?skrot=Ps%203 https://biblia.deon.pl/otworz.php?skrot=Mt%204 https://biblia.deon.pl/otworz.php?skrot=Rz%202
4,Rdz 18-19,Iz 7-8,Hi 4,Ps 4,Mt 5,Rz 3,26524,https://biblia.deon.pl/otworz.php?skrot=Rdz%2018 https://biblia.deon.pl/otworz.php?skrot=Rdz%2019 https://biblia.deon.pl/otworz.php?skrot=Iz%207 https://biblia.deon.pl/otworz.php?skrot=Iz%208 https://biblia.deon.pl/otworz.php?skrot=Hi%204 https://biblia.deon.pl/otworz.php?skrot=Ps%204 https://biblia.deon.pl/otworz.php?skrot=Mt%205 https://biblia.deon.pl/otworz.php?skrot=Rz%203
5,Rdz 20-22,Iz 9-10,Hi 5,Ps 5,Mt 6,Rz 4,25681,https://biblia.deon.pl/otworz.php?skrot=Rdz%2020 https://biblia.deon.pl/otworz.php?skrot=Rdz%2021 https://biblia.deon.pl/otworz.php?skrot=Rdz%2022 https://biblia.deon.pl/otworz.php?skrot=Iz%209 https://biblia.deon.pl/otworz.php?skrot=Iz%2010 https://biblia.deon.pl/otworz.php?skrot=Hi%205 https://biblia.deon.pl/otworz.php?skrot=Ps%205 https://biblia.deon.pl/otworz.php?skrot=Mt%206 https://biblia.deon.pl/otworz.php?skrot=Rz%204
6,Rdz 23-25,Iz 11-13,Hi 6-7,Ps 6,Mt 7,,27153,https://biblia.deon.pl/otworz.php?skrot=Rdz%2023 https://biblia.deon.pl/otworz.php?skrot=Rdz%2024 https://biblia.deon.pl/otworz.php?skrot=Rdz%2025 https://biblia.deon.pl/otworz.php?skrot=Iz%2011 https://biblia.deon.pl/otworz.php?skrot=Iz%2012 https://biblia.deon.pl/otworz.php?skrot=Iz%2013 https://biblia.deon.pl/otworz.php?skrot=Hi%206 https://biblia.deon.pl/otworz.php?skrot=Hi%207 https://biblia.deon.pl/otworz.php?skrot=Ps%206 https://biblia.deon.pl/otworz.php?skrot=Mt%207
7,Rdz 26-27,Iz 14-16,Hi 8,Ps 7,Mt 8,Rz 5,26883,https://biblia.deon.pl/otworz.php?skrot=Rdz%2026 https://biblia.deon.pl/otworz.php?skrot=Rdz%2027 https://biblia.deon.pl/otworz.php?skrot=Iz%2014 https://biblia.deon.pl/otworz.php?skrot=Iz%2015 https://biblia.deon.pl/otworz.php?skrot=Iz%2016 https://biblia.deon.pl/otworz.php?skrot=Hi%208 https://biblia.deon.pl/otworz.php?skrot=Ps%207 https://biblia.deon.pl/otworz.php?skrot=Mt%208 https://biblia.deon.pl/otworz.php?skrot=Rz%205
8,Rdz 28-31,Iz 17,Hi 9,Ps 8,,Rz 6,26573,https://biblia.deon.pl/otworz.php?skrot=Rdz%2028 https://biblia.deon.pl/otworz.php?skrot=Rdz%2029 https://biblia.deon.pl/otworz.php?skrot=Rdz%2030 https://biblia.deon.pl/otworz.php?skrot=Rdz%2031 https://biblia.deon.pl/otworz.php?skrot=Iz%2017 https://biblia.deon.pl/otworz.php?skrot=Hi%209 https://biblia.deon.pl/otworz.php?skrot=Ps%208 https://biblia.deon.pl/otworz.php?skrot=Rz%206
9,Rdz 32-33,Iz 18-21,Hi 10-11,Ps 9,Mt 9,Rz 7,25818,https://biblia.deon.pl/otworz.php?skrot=Rdz%2032 https://biblia.deon.pl/otworz.php?skrot=Rdz%2033 https://biblia.deon.pl/otworz.php?skrot=Iz%2018 https://biblia.deon.pl/otworz.php?skrot=Iz%2019 https://biblia.deon.pl/otworz.php?skrot=Iz%2020 https://biblia.deon.pl/otworz.php?skrot=Iz%2021 https://biblia.deon.pl/otworz.php?skrot=Hi%2010 https://biblia.deon.pl/otworz.php?skrot=Hi%2011 https://biblia.deon.pl/otworz.php?skrot=Ps%209 https://biblia.deon.pl/otworz.php?skrot=Mt%209 https://biblia.deon.pl/otworz.php?skrot=Rz%207
10,Rdz 34-37,Iz 22,Hi 12,Ps 10,Mt 10,,26013,https://biblia.deon.pl/otworz.php?skrot=Rdz%2034 https://biblia.deon.pl/otworz.php?skrot=Rdz%2035 https://biblia.deon.pl/otworz.php?skrot=Rdz%2036 https://biblia.deon.pl/otworz.php?skrot=Rdz%2037 https://biblia.deon.pl/otworz.php?skrot=Iz%2022 https://biblia.deon.pl/otworz.php?skrot=Hi%2012 https://biblia.deon.pl/otworz.php?skrot=Ps%2010 https://biblia.deon.pl/otworz.php?skrot=Mt%2010
11,Rdz 38-40,Iz 23-25,Hi 13,Ps 11,Mt 11,Rz 8,26953,https://biblia.deon.pl/otworz.php?skrot=Rdz%2038 https://biblia.deon.pl/otworz.php?skrot=Rdz%2039 https://biblia.deon.pl/otworz.php?skrot=Rdz%2040 https://biblia.deon.pl/otworz.php?skrot=Iz%2023 https://biblia.deon.pl/otworz.php?skrot=Iz%2024 https://biblia.deon.pl/otworz.php?skrot=Iz%2025 https://biblia.deon.pl/otworz.php?skrot=Hi%2013 https://biblia.deon.pl/otworz.php?skrot=Ps%2011 https://biblia.deon.pl/otworz.php?skrot=Mt%2011 https://biblia.deon.pl/otworz.php?skrot=Rz%208
12,Rdz 41-42,Iz 26-27,Hi 14,Ps 12,Mt 12,Rz 9,27660,https://biblia.deon.pl/otworz.php?skrot=Rdz%2041 https://biblia.deon.pl/otworz.php?skrot=Rdz%2042 https://biblia.deon.pl/otworz.php?skrot=Iz%2026 https://biblia.deon.pl/otworz.php?skrot=Iz%2027 https://biblia.deon.pl/otworz.php?skrot=Hi%2014 https://biblia.deon.pl/otworz.php?skrot=Ps%2012 https://biblia.deon.pl/otworz.php?skrot=Mt%2012 https://biblia.deon.pl/otworz.php?skrot=Rz%209
13,Rdz 43-46,Iz 28-29,Hi 15-16,Ps 13,,,27964,https://biblia.deon.pl/otworz.php?skrot=Rdz%2043 https://biblia.deon.pl/otworz.php?skrot=Rdz%2044 https://biblia.deon.pl/otworz.php?skrot=Rdz%2045 https://biblia.deon.pl/otworz.php?skrot=Rdz%2046 https://biblia.deon.pl/otworz.php?skrot=Iz%2028 https://biblia.deon.pl/otworz.php?skrot=Iz%2029 https://biblia.deon.pl/otworz.php?skrot=Hi%2015 https://biblia.deon.pl/otworz.php?skrot=Hi%2016 https://biblia.deon.pl/otworz.php?skrot=Ps%2013
14,Rdz 47-49,Iz 30,Hi 17,Ps 14,Mt 13,Rz 10,27400,https://biblia.deon.pl/otworz.php?skrot=Rdz%2047 https://biblia.deon.pl/otworz.php?skrot=Rdz%2048 https://biblia.deon.pl/otworz.php?skrot=Rdz%2049 https://biblia.deon.pl/otworz.php?skrot=Iz%2030 https://biblia.deon.pl/otworz.php?skrot=Hi%2017 https://biblia.deon.pl/otworz.php?skrot=Ps%2014 https://biblia.deon.pl/otworz.php?skrot=Mt%2013 https://biblia.deon.pl/otworz.php?skrot=Rz%2010
15,Rdz 50; Wj 1-3,Iz 31-32,Hi 18-19,Ps 15,Mt 14,Rz 11,27498,https://biblia.deon.pl/otworz.php?skrot=Rdz%2050 https://biblia.deon.pl/otworz.php?skrot=Wj%201 https://biblia.deon.pl/otworz.php?skrot=Wj%202 https://biblia.deon.pl/otworz.php?skrot=Wj%203 https://biblia.deon.pl/otworz.php?skrot=Iz%2031 https://biblia.deon.pl/otworz.php?skrot=Iz%2032 https://biblia.deon.pl/otworz.php?skrot=Hi%2018 https://biblia.deon.pl/otworz.php?skrot=Hi%2019 https://biblia.deon.pl/otworz.php?skrot=Ps%2015 https://biblia.deon.pl/otworz.php?skrot=Mt%2014 https://biblia.deon.pl/otworz.php?skrot=Rz%2011
16,Wj 4-6,Iz 33-34,Hi 20,Ps 16,Mt 15-16,Rz 12,27736,https://biblia.deon.pl/otworz.php?skrot=Wj%204 https://biblia.deon.pl/otworz.php?skrot=Wj%205 https://biblia.deon.pl/otworz.php?skrot=Wj%206 https://biblia.deon.pl/otworz.php?skrot=Iz%2033 https://biblia.deon.pl/otworz.php?skrot=Iz%2034 https://biblia.deon.pl/otworz.php?skrot=Hi%2020 https://biblia.deon.pl/otworz.php?skrot=Ps%2016 https://biblia.deon.pl/otworz.php?skrot=Mt%2015 https://biblia.deon.pl/otworz.php?skrot=Mt%2016 https://biblia.deon.pl/otworz.php?skrot=Rz%2012
17,Wj 7-10,Iz 35-36,Hi 21-22,Ps 17,Mt 17,,28429,https://biblia.deon.pl/otworz.php?skrot=Wj%207 https://biblia.deon.pl/otworz.php?skrot=Wj%208 https://biblia.deon.pl/otworz.php?skrot=Wj%209 https://biblia.deon.pl/otworz.php?skrot=Wj%2010 https://biblia.deon.pl/otworz.php?skrot=Iz%2035 https://biblia.deon.pl/otworz.php?skrot=Iz%2036 https://biblia.deon.pl/otworz.php?skrot=Hi%2021 https://biblia.deon.pl/otworz.php?skrot=Hi%2022 https://biblia.deon.pl/otworz.php?skrot=Ps%2017 https://biblia.deon.pl/otworz.php?skrot=Mt%2017
18,Wj 11-14,Iz 37,Hi 23-24,Ps 18,,Rz 13,29056,https://biblia.deon.pl/otworz.php?skrot=Wj%2011 https://biblia.deon.pl/otworz.php?skrot=Wj%2012 https://biblia.deon.pl/otworz.php?skrot=Wj%2013 https://biblia.deon.pl/otworz.php?skrot=Wj%2014 https://biblia.deon.pl/otworz.php?skrot=Iz%2037 https://biblia.deon.pl/otworz.php?skrot=Hi%2023 https://biblia.deon.pl/otworz.php?skrot=Hi%2024 https://biblia.deon.pl/otworz.php?skrot=Ps%2018 https://biblia.deon.pl/otworz.php?skrot=Rz%2013
19,Wj 15-17,Iz 38,Hi 25-27,Ps 19,Mt 18,Rz 14-15,28736,https://biblia.deon.pl/otworz.php?skrot=Wj%2015 https://biblia.deon.pl/otworz.php?skrot=Wj%2016 https://biblia.deon.pl/otworz.php?skrot=Wj%2017 https://biblia.deon.pl/otworz.php?skrot=Iz%2038 https://biblia.deon.pl/otworz.php?skrot=Hi%2025 https://biblia.deon.pl/otworz.php?skrot=Hi%2026 https://biblia.deon.pl/otworz.php?skrot=Hi%2027 https://biblia.deon.pl/otworz.php?skrot=Ps%2019 https://biblia.deon.pl/otworz.php?skrot=Mt%2018 https://biblia.deon.pl/otworz.php?skrot=Rz%2014 https://biblia.deon.pl/otworz.php?skrot=Rz%2015
20,Wj 18-23,Iz 39-40,Hi 28,Ps 20,,,29879,https://biblia.deon.pl/otworz.php?skrot=Wj%2018 https://biblia.deon.pl/otworz.php?skrot=Wj%2019 https://biblia.deon.pl/otworz.php?skrot=Wj%2020 https://biblia.deon.pl/otworz.php?skrot=Wj%2021 https://biblia.deon.pl/otworz.php?skrot=Wj%2022 https://biblia.deon.pl/otworz.php?skrot=Wj%2023 https://biblia.deon.pl/otworz.php?skrot=Iz%2039 https://biblia.deon.pl/otworz.php?skrot=Iz%2040 https://biblia.deon.pl/otworz.php?skrot=Hi%2028 https://biblia.deon.pl/otworz.php?skrot=Ps%2020
21,Wj 24-27,Iz 41-42,Hi 29,Ps 21,Mt 19,Rz 16,29915,https://biblia.deon.pl/otworz.php?skrot=Wj%2024 https://biblia.deon.pl/otworz.php?skrot=Wj%2025 https://biblia.deon.pl/otworz.php?skrot=Wj%2026 https://biblia.deon.pl/otworz.php?skrot=Wj%2027 https://biblia.deon.pl/otworz.php?skrot=Iz%2041 https://biblia.deon.pl/otworz.php?skrot=Iz%2042 https://biblia.deon.pl/otworz.php?skrot=Hi%2029 https://biblia.deon.pl/otworz.php?skrot=Ps%2021 https://biblia.deon.pl/otworz.php?skrot=Mt%2019 https://biblia.deon.pl/otworz.php?skrot=Rz%2016
22,Wj 28-29,Iz 43-44,Hi 30,Ps 22,Mt 20,1 Kor 1,31400,https://biblia.deon.pl/otworz.php?skrot=Wj%2028 https://biblia.deon.pl/otworz.php?skrot=Wj%2029 https://biblia.deon.pl/otworz.php?skrot=Iz%2043 https://biblia.deon.pl/otworz.php?skrot=Iz%2044 https://biblia.deon.pl/otworz.php?skrot=Hi%2030 https://biblia.deon.pl/otworz.php?skrot=Ps%2022 https://biblia.deon.pl/otworz.php?skrot=Mt%2020 https://biblia.deon.pl/otworz.php?skrot=1%20Kor%201
23,Wj 30-33,Iz 45,Hi 31,Ps 23,Mt 21,1 Kor 2,28934,https://biblia.deon.pl/otworz.php?skrot=Wj%2030 https://biblia.deon.pl/otworz.php?skrot=Wj%2031 https://biblia.deon.pl/otworz.php?skrot=Wj%2032 https://biblia.deon.pl/otworz.php?skrot=Wj%2033 https://biblia.deon.pl/otworz.php?skrot=Iz%2045 https://biblia.deon.pl/otworz.php?skrot=Hi%2031 https://biblia.deon.pl/otworz.php?skrot=Ps%2023 https://biblia.deon.pl/otworz.php?skrot=Mt%2021 https://biblia.deon.pl/otworz.php?skrot=1%20Kor%202
24,Wj 34-36,Iz 46-48,Hi 32,Ps 24,Mt 22,1 Kor 3,29500,https://biblia.deon.pl/otworz.php?skrot=Wj%2034 https://biblia.deon.pl/otworz.php?skrot=Wj%2035 https://biblia.deon.pl/otworz.php?skrot=Wj%2036 https://biblia.deon.pl/otworz.php?skrot=Iz%2046 https://biblia.deon.pl/otworz.php?skrot=Iz%2047 https://biblia.deon.pl/otworz.php?skrot=Iz%2048 https://biblia.deon.pl/otworz.php?skrot=Hi%2032 https://biblia.deon.pl/otworz.php?skrot=Ps%2024 https://biblia.deon.pl/otworz.php?skrot=Mt%2022 https://biblia.deon.pl/otworz.php?skrot=1%20Kor%203
25,Wj 37-39,Iz 49,Hi 33,Ps 25,Mt 23,1 Kor 4,27155,https://biblia.deon.pl/otworz.php?skrot=Wj%2037 https://biblia.deon.pl/otworz.php?skrot=Wj%2038 https://biblia.deon.pl/otworz.php?skrot=Wj%2039 https://biblia.deon.pl/otworz.php?skrot=Iz%2049 https://biblia.deon.pl/otworz.php?skrot=Hi%2033 https://biblia.deon.pl/otworz.php?skrot=Ps%2025 https://biblia.deon.pl/otworz.php?skrot=Mt%2023 https://biblia.deon.pl/otworz.php?skrot=1%20Kor%204
26,Wj 40; Kpł 1-4,Iz 50-52,Hi 34,Ps 26,,1 Kor 5,27917,https://biblia.deon.pl/otworz.php?skrot=Wj%2040 https://biblia.deon.pl/otworz.php?skrot=Kp%B3%201 https://biblia.deon.pl/otworz.php?skrot=Kp%B3%202 https://biblia.deon.pl/otworz.php?skrot=Kp%B3%203 https://biblia.deon.pl/otworz.php?skrot=Kp%B3%204 https://biblia.deon.pl/otworz.php?skrot=Iz%2050 https://biblia.deon.pl/otworz.php?skrot=Iz%2051 https://biblia.deon.pl/otworz.php?skrot=Iz%2052 https://biblia.deon.pl/otworz.php?skrot=Hi%2034 https://biblia.deon.pl/otworz.php?skrot=Ps%2026 https://biblia.deon.pl/otworz.php?skrot=1%20Kor%205
27,Kpł 5-7,Iz 53-54,Hi 35,Ps 27,Mt 24,1 Kor 6,27637,https://biblia.deon.pl/otworz.php?skrot=Kp%B3%205 https://biblia.deon.pl/otworz.php?skrot=Kp%B3%206 https://biblia.deon.pl/otworz.php?skrot=Kp%B3%207 https://biblia.deon.pl/otworz.php?skrot=Iz%2053 https://biblia.deon.pl/otworz.php?skrot=Iz%2054 https://biblia.deon.pl/otworz.php?skrot=Hi%2035 https://biblia.deon.pl/otworz.php?skrot=Ps%2027 https://biblia.deon.pl/otworz.php?skrot=Mt%2024 https://biblia.deon.pl/otworz.php?skrot=1%20Kor%206
28,Kpł 8-9,Iz 55-57,Hi 36,Ps 28,Mt 25,1 Kor 7,27674,https://biblia.deon.pl/otworz.php?skrot=Kp%B3%208 https://biblia.deon.pl/otworz.php?skrot=Kp%B3%209 https://biblia.deon.pl/otworz.php?skrot=Iz%2055 https://biblia.deon.pl/otworz.php?skrot=Iz%2056 https://biblia.deon.pl/otworz.php?skrot=Iz%2057 https://biblia.deon.pl/otworz.php?skrot=Hi%2036 https://biblia.deon.pl/otworz.php?skrot=Ps%2028 https://biblia.deon.pl/otworz.php?skrot=Mt%2025 https://biblia.deon.pl/otworz.php?skrot=1%20Kor%207
29,Kpł 10-13,Iz 58-59,Hi 37,Ps 29,,1 Kor 8,28883,https://biblia.deon.pl/otworz.php?skrot=Kp%B3%2010 https://biblia.deon.pl/otworz.php?skrot=Kp%B3%2011 https://biblia.deon.pl/otworz.php?skrot=Kp%B3%2012 https://biblia.deon.pl/otworz.php?skrot=Kp%B3%2013 https://biblia.deon.pl/otworz.php?skrot=Iz%2058 https://biblia.deon.pl/otworz.php?skrot=Iz%2059 https://biblia.deon.pl/otworz.php?skrot=Hi%2037 https://biblia.deon.pl/otworz.php?skrot=Ps%2029 https://biblia.deon.pl/otworz.php?skrot=1%20Kor%208
30,Kpł 14,Iz 60-61,Hi 38,Ps 30,Mt 26,1 Kor 9,27744,https://biblia.deon.pl/otworz.php?skrot=Kp%B3%2014 https://biblia.deon.pl/otworz.php?skrot=Iz%2060 https://biblia.deon.pl/otworz.php?skrot=Iz%2061 https://biblia.deon.pl/otworz.php?skrot=Hi%2038 https://biblia.deon.pl/otworz.php?skrot=Ps%2030 https://biblia.deon.pl/otworz.php?skrot=Mt%2026 https://biblia.deon.pl/otworz.php?skrot=1%20Kor%209
31,Kpł 15-18,Iz 62-64,Hi 39,Ps 31,,,26623,https://biblia.deon.pl/otworz.php?skrot=Kp%B3%2015 https://biblia.deon.pl/otworz.php?skrot=Kp%B3%2016 https://biblia.deon.pl/otworz.php?skrot=Kp%B3%2017 https://biblia.deon.pl/otworz.php?skrot=Kp%B3%2018 https://biblia.deon.pl/otworz.php?skrot=Iz%2062 https://biblia.deon.pl/otworz.php?skrot=Iz%2063 https://biblia.deon.pl/otworz.php?skrot=Iz%2064 https://biblia.deon.pl/otworz.php?skrot=Hi%2039 https://biblia.deon.pl/otworz.php?skrot=Ps%2031
32,Kpł 19-21,Iz 65,Hi 40,Ps 32,Mt 27,1 Kor 10,29047,https://biblia.deon.pl/otworz.php?skrot=Kp%B3%2019 https://biblia.deon.pl/otworz.php?skrot=Kp%B3%2020 https://biblia.deon.pl/otworz.php?skrot=Kp%B3%2021 https://biblia.deon.pl/otworz.php?skrot=Iz%2065 https://biblia.deon.pl/otworz.php?skrot=Hi%2040 https://biblia.deon.pl/otworz.php?skrot=Ps%2032 https://biblia.deon.pl/otworz.php?skrot=Mt%2027 https://biblia.deon.pl/otworz.php?skrot=1%20Kor%2010
33,Kpł 22-24,Iz 66; Jr 1,Hi 41,Ps 33,Mt 28,1 Kor 11,28596,https://biblia.deon.pl/otworz.php?skrot=Kp%B3%2022 https://biblia.deon.pl/otworz.php?skrot=Kp%B3%2023 https://biblia.deon.pl/otworz.php?skrot=Kp%B3%2024 https://biblia.deon.pl/otworz.php?skrot=Iz%2066 https://biblia.deon.pl/otworz.php?skrot=Jr%201 https://biblia.deon.pl/otworz.php?skrot=Hi%2041 https://biblia.deon.pl/otworz.php?skrot=Ps%2033 https://biblia.deon.pl/otworz.php?skrot=Mt%2028 https://biblia.deon.pl/otworz.php?skrot=1%20Kor%2011
34,Kpł 25-26,Jr 2,Hi 42,Ps 34,Mk 1,,27061,https://biblia.deon.pl/otworz.php?skrot=Kp%B3%2025 https://biblia.deon.pl/otworz.php?skrot=Kp%B3%2026 https://biblia.deon.pl/otworz.php?skrot=Jr%202 https://biblia.deon.pl/otworz.php?skrot=Hi%2042 https://biblia.deon.pl/otworz.php?skrot=Ps%2034 https://biblia.deon.pl/otworz.php?skrot=Mk%201
35,Kpł 27; Lb 1,Jr 3,Prz 1,Ps 35,Mk 2,1 Kor 12-13,27190,https://biblia.deon.pl/otworz.php?skrot=Kp%B3%2027 https://biblia.deon.pl/otworz.php?skrot=Lb%201 https://biblia.deon.pl/otworz.php?skrot=Jr%203 https://biblia.deon.pl/otworz.php?skrot=Prz%201 https://biblia.deon.pl/otworz.php?skrot=Ps%2035 https://biblia.deon.pl/otworz.php?skrot=Mk%202 https://biblia.deon.pl/otworz.php?skrot=1%20Kor%2012 https://biblia.deon.pl/otworz.php?skrot=1%20Kor%2013
36,Lb 2-4,Jr 4,Prz 2,Ps 36,Mk 3,,25906,https://biblia.deon.pl/otworz.php?skrot=Lb%202 https://biblia.deon.pl/otworz.php?skrot=Lb%203 https://biblia.deon.pl/otworz.php?skrot=Lb%204 https://biblia.deon.pl/otworz.php?skrot=Jr%204 https://biblia.deon.pl/otworz.php?skrot=Prz%202 https://biblia.deon.pl/otworz.php?skrot=Ps%2036 https://biblia.deon.pl/otworz.php?skrot=Mk%203
37,Lb 5-6,Jr 5,Prz 3,Ps 37,Mk 4,1 Kor 14,26746,https://biblia.deon.pl/otworz.php?skrot=Lb%205 https://biblia.deon.pl/otworz.php?skrot=Lb%206 https://biblia.deon.pl/otworz.php?skrot=Jr%205 https://biblia.deon.pl/otworz.php?skrot=Prz%203 https://biblia.deon.pl/otworz.php?skrot=Ps%2037 https://biblia.deon.pl/otworz.php?skrot=Mk%204 https://biblia.deon.pl/otworz.php?skrot=1%20Kor%2014
38,Lb 7-8,Jr 6,Prz 4,Ps 38,Mk 5,,24743,https://biblia.deon.pl/otworz.php?skrot=Lb%207 https://biblia.deon.pl/otworz.php?skrot=Lb%208 https://biblia.deon.pl/otworz.php?skrot=Jr%206 https://biblia.deon.pl/otworz.php?skrot=Prz%204 https://biblia.deon.pl/otworz.php?skrot=Ps%2038 https://biblia.deon.pl/otworz.php?skrot=Mk%205
39,Lb 9-11,Jr 7,Prz 5,Ps 39,,1 Kor 15,25775,https://biblia.deon.pl/otworz.php?skrot=Lb%209 https://biblia.deon.pl/otworz.php?skrot=Lb%2010 https://biblia.deon.pl/otworz.php?skrot=Lb%2011 https://biblia.deon.pl/otworz.php?skrot=Jr%207 https://biblia.deon.pl/otworz.php?skrot=Prz%205 https://biblia.deon.pl/otworz.php?skrot=Ps%2039 https://biblia.deon.pl/otworz.php?skrot=1%20Kor%2015
40,Lb 12-14,Jr 8,Prz 6,Ps 40,Mk 6,1 Kor 16,27016,https://biblia.deon.pl/otworz.php?skrot=Lb%2012 https://biblia.deon.pl/otworz.php?skrot=Lb%2013 https://biblia.deon.pl/otworz.php?skrot=Lb%2014 https://biblia.deon.pl/otworz.php?skrot=Jr%208 https://biblia.deon.pl/otworz.php?skrot=Prz%206 https://biblia.deon.pl/otworz.php?skrot=Ps%2040 https://biblia.deon.pl/otworz.php?skrot=Mk%206 https://biblia.deon.pl/otworz.php?skrot=1%20Kor%2016
41,Lb 15-18,Jr 9,Prz 7,Ps 41,,2 Kor 1,27531,https://biblia.deon.pl/otworz.php?skrot=Lb%2015 https://biblia.deon.pl/otworz.php?skrot=Lb%2016 https://biblia.deon.pl/otworz.php?skrot=Lb%2017 https://biblia.deon.pl/otworz.php?skrot=Lb%2018 https://biblia.deon.pl/otworz.php?skrot=Jr%209 https://biblia.deon.pl/otworz.php?skrot=Prz%207 https://biblia.deon.pl/otworz.php?skrot=Ps%2041 https://biblia.deon.pl/otworz.php?skrot=2%20Kor%201
42,Lb 19-21,Jr 10-12,Prz 8,Ps 42,Mk 7,,28796,https://biblia.deon.pl/otworz.php?skrot=Lb%2019 https://biblia.deon.pl/otworz.php?skrot=Lb%2020 https://biblia.deon.pl/otworz.php?skrot=Lb%2021 https://biblia.deon.pl/otworz.php?skrot=Jr%2010 https://biblia.deon.pl/otworz.php?skrot=Jr%2011 https://biblia.deon.pl/otworz.php?skrot=Jr%2012 https://biblia.deon.pl/otworz.php?skrot=Prz%208 https://biblia.deon.pl/otworz.php?skrot=Ps%2042 https://biblia.deon.pl/otworz.php?skrot=Mk%207
43,Lb 22-25,Jr 13,Prz 9,Ps 43,Mk 8,2 Kor 2-3,27798,https://biblia.deon.pl/otworz.php?skrot=Lb%2022 https://biblia.deon.pl/otworz.php?skrot=Lb%2023 https://biblia.deon.pl/otworz.php?skrot=Lb%2024 https://biblia.deon.pl/otworz.php?skrot=Lb%2025 https://biblia.deon.pl/otworz.php?skrot=Jr%2013 https://biblia.deon.pl/otworz.php?skrot=Prz%209 https://biblia.deon.pl/otworz.php?skrot=Ps%2043 https://biblia.deon.pl/otworz.php?skrot=Mk%208 https://biblia.deon.pl/otworz.php?skrot=2%20Kor%202 https://biblia.deon.pl/otworz.php?skrot=2%20Kor%203
44,Lb 26-28,Jr 14,Prz 10,Ps 44,Mk 9,,26558,https://biblia.deon.pl/otworz.php?skrot=Lb%2026 https://biblia.deon.pl/otworz.php?skrot=Lb%2027 https://biblia.deon.pl/otworz.php?skrot=Lb%2028 https://biblia.deon.pl/otworz.php?skrot=Jr%2014 https://biblia.deon.pl/otworz.php?skrot=Prz%2010 https://biblia.deon.pl/otworz.php?skrot=Ps%2044 https://biblia.deon.pl/otworz.php?skrot=Mk%209
45,Lb 29-31,Jr 15-16,Prz 11,Ps 45,,2 Kor 4-5,28580,https://biblia.deon.pl/otworz.php?skrot=Lb%2029 https://biblia.deon.pl/otworz.php?skrot=Lb%2030 https://biblia.deon.pl/otworz.php?skrot=Lb%2031 https://biblia.deon.pl/otworz.php?skrot=Jr%2015 https://biblia.deon.pl/otworz.php?skrot=Jr%2016 https://biblia.deon.pl/otworz.php?skrot=Prz%2011 https://biblia.deon.pl/otworz.php?skrot=Ps%2045 https://biblia.deon.pl/otworz.php?skrot=2%20Kor%204 https://biblia.deon.pl/otworz.php?skrot=2%20Kor%205
46,Lb 32-34,Jr 17-18,Prz 12,Ps 46,Mk 10,,27738,https://biblia.deon.pl/otworz.php?skrot=Lb%2032 https://biblia.deon.pl/otworz.php?skrot=Lb%2033 https://biblia.deon.pl/otworz.php?skrot=Lb%2034 https://biblia.deon.pl/otworz.php?skrot=Jr%2017 https://biblia.deon.pl/otworz.php?skrot=Jr%2018 https://biblia.deon.pl/otworz.php?skrot=Prz%2012 https://biblia.deon.pl/otworz.php?skrot=Ps%2046 https://biblia.deon.pl/otworz.php?skrot=Mk%2010
47,Lb 35-36; Pwt 1-2,Jr 19,Prz 13,Ps 47,Mk 11,2 Kor 6,27182,https://biblia.deon.pl/otworz.php?skrot=Lb%2035 https://biblia.deon.pl/otworz.php?skrot=Lb%2036 https://biblia.deon.pl/otworz.php?skrot=Pwt%201 https://biblia.deon.pl/otworz.php?skrot=Pwt%202 https://biblia.deon.pl/otworz.php?skrot=Jr%2019 https://biblia.deon.pl/otworz.php?skrot=Prz%2013 https://biblia.deon.pl/otworz.php?skrot=Ps%2047 https://biblia.deon.pl/otworz.php?skrot=Mk%2011 https://biblia.deon.pl/otworz.php?skrot=2%20Kor%206
48,Pwt 3-4,Jr 20-21,Prz 14,Ps 48,Mk 12,2 Kor 7,26522,https://biblia.deon.pl/otworz.php?skrot=Pwt%203 https://biblia.deon.pl/otworz.php?skrot=Pwt%204 https://biblia.deon.pl/otworz.php?skrot=Jr%2020 https://biblia.deon.pl/otworz.php?skrot=Jr%2021 https://biblia.deon.pl/otworz.php?skrot=Prz%2014 https://biblia.deon.pl/otworz.php?skrot=Ps%2048 https://biblia.deon.pl/otworz.php?skrot=Mk%2012 https://biblia.deon.pl/otworz.php?skrot=2%20Kor%207
49,Pwt 5-8,Jr 22,Prz 15,Ps 49,,2 Kor 8-10,29023,https://biblia.deon.pl/otworz.php?skrot=Pwt%205 https://biblia.deon.pl/otworz.php?skrot=Pwt%206 https://biblia.deon.pl/otworz.php?skrot=Pwt%207 https://biblia.deon.pl/otworz.php?skrot=Pwt%208 https://biblia.deon.pl/otworz.php?skrot=Jr%2022 https://biblia.deon.pl/otworz.php?skrot=Prz%2015 https://biblia.deon.pl/otworz.php?skrot=Ps%2049 https://biblia.deon.pl/otworz.php?skrot=2%20Kor%208 https://biblia.deon.pl/otworz.php?skrot=2%20Kor%209 https://biblia.deon.pl/otworz.php?skrot=2%20Kor%2010
50,Pwt 9-12,Jr 23,Prz 16,Ps 50,Mk 13,,29903,https://biblia.deon.pl/otworz.php?skrot=Pwt%209 https://biblia.deon.pl/otworz.php?skrot=Pwt%2010 https://biblia.deon.pl/otworz.php?skrot=Pwt%2011 https://biblia.deon.pl/otworz.php?skrot=Pwt%2012 https://biblia.deon.pl/otworz.php?skrot=Jr%2023 https://biblia.deon.pl/otworz.php?skrot=Prz%2016 https://biblia.deon.pl/otworz.php?skrot=Ps%2050 https://biblia.deon.pl/otworz.php?skrot=Mk%2013
51,Pwt 13-14,Jr 24-25,Prz 17,Ps 51,Mk 14,2 Kor 11,28227,https://biblia.deon.pl/otworz.php?skrot=Pwt%2013 https://biblia.deon.pl/otworz.php?skrot=Pwt%2014 https://biblia.deon.pl/otworz.php?skrot=Jr%2024 https://biblia.deon.pl/otworz.php?skrot=Jr%2025 https://biblia.deon.pl/otworz.php?skrot=Prz%2017 https://biblia.deon.pl/otworz.php?skrot=Ps%2051 https://biblia.deon.pl/otworz.php?skrot=Mk%2014 https://biblia.deon.pl/otworz.php?skrot=2%20Kor%2011
52,Pwt 15-20,Jr 26,Prz 18,Ps 52,,2 Kor 12,27080,https://biblia.deon.pl/otworz.php?skrot=Pwt%2015 https://biblia.deon.pl/otworz.php?skrot=Pwt%2016 https://biblia.deon.pl/otworz.php?skrot=Pwt%2017 https://biblia.deon.pl/otworz.php?skrot=Pwt%2018 https://biblia.deon.pl/otworz.php?skrot=Pwt%2019 https://biblia.deon.pl/otworz.php?skrot=Pwt%2020 https://biblia.deon.pl/otworz.php?skrot=Jr%2026 https://biblia.deon.pl/otworz.php?skrot=Prz%2018 https://biblia.deon.pl/otworz.php?skrot=Ps%2052 https://biblia.deon.pl/otworz.php?skrot=2%20Kor%2012
53,Pwt 21-25,Jr 27-28,Prz 19,Ps 53,Mk 15,,29046,https://biblia.deon.pl/otworz.php?skrot=Pwt%2021 https://biblia.deon.pl/otworz.php?skrot=Pwt%2022 https://biblia.deon.pl/otworz.php?skrot=Pwt%2023 https://biblia.deon.pl/otworz.php?skrot=Pwt%2024 https://biblia.deon.pl/otworz.php?skrot=Pwt%2025 https://biblia.deon.pl/otworz.php?skrot=Jr%2027 https://biblia.deon.pl/otworz.php?skrot=Jr%2028 https://biblia.deon.pl/otworz.php?skrot=Prz%2019 https://biblia.deon.pl/otworz.php?skrot=Ps%2053 https://biblia.deon.pl/otworz.php?skrot=Mk%2015
54,Pwt 26-28,Jr 29,Prz 20,Ps 54,,2 Kor 13; Ga 1,26916,https://biblia.deon.pl/otworz.php?skrot=Pwt%2026 https://biblia.deon.pl/otworz.php?skrot=Pwt%2027 https://biblia.deon.pl/otworz.php?skrot=Pwt%2028 https://biblia.deon.pl/otworz.php?skrot=Jr%2029 https://biblia.deon.pl/otworz.php?skrot=Prz%2020 https://biblia.deon.pl/otworz.php?skrot=Ps%2054 https://biblia.deon.pl/otworz.php?skrot=2%20Kor%2013 https://biblia.deon.pl/otworz.php?skrot=Ga%201
55,Pwt 29-30,Jr 30,Prz 21,Ps 55,Mk 16; Łk 1,Ga 2,27265,https://biblia.deon.pl/otworz.php?skrot=Pwt%2029 https://biblia.deon.pl/otworz.php?skrot=Pwt%2030 https://biblia.deon.pl/otworz.php?skrot=Jr%2030 https://biblia.deon.pl/otworz.php?skrot=Prz%2021 https://biblia.deon.pl/otworz.php?skrot=Ps%2055 https://biblia.deon.pl/otworz.php?skrot=Mk%2016 https://biblia.deon.pl/otworz.php?skrot=%A3k%201 https://biblia.deon.pl/otworz.php?skrot=Ga%202
56,Pwt 31-34; Joz 1-2,Jr 31,Prz 22,Ps 56,,,30347,https://biblia.deon.pl/otworz.php?skrot=Pwt%2031 https://biblia.deon.pl/otworz.php?skrot=Pwt%2032 https://biblia.deon.pl/otworz.php?skrot=Pwt%2033 https://biblia.deon.pl/otworz.php?skrot=Pwt%2034 https://biblia.deon.pl/otworz.php?skrot=Joz%201 https://biblia.deon.pl/otworz.php?skrot=Joz%202 https://biblia.deon.pl/otworz.php?skrot=Jr%2031 https://biblia.deon.pl/otworz.php?skrot=Prz%2022 https://biblia.deon.pl/otworz.php?skrot=Ps%2056
57,Joz 3-4,Jr 32,Prz 23,Ps 57,Łk 2,Ga 3-4,28129,https://biblia.deon.pl/otworz.php?skrot=Joz%203 https://biblia.deon.pl/otworz.php?skrot=Joz%204 https://biblia.deon.pl/otworz.php?skrot=Jr%2032 https://biblia.deon.pl/otworz.php?skrot=Prz%2023 https://biblia.deon.pl/otworz.php?skrot=Ps%2057 https://biblia.deon.pl/otworz.php?skrot=%A3k%202 https://biblia.deon.pl/otworz.php?skrot=Ga%203 https://biblia.deon.pl/otworz.php?skrot=Ga%204
58,Joz 5-9,Jr 33,Prz 24,Ps 58,,,27466,https://biblia.deon.pl/otworz.php?skrot=Joz%205 https://biblia.deon.pl/otworz.php?skrot=Joz%206 https://biblia.deon.pl/otworz.php?skrot=Joz%207 https://biblia.deon.pl/otworz.php?skrot=Joz%208 https://biblia.deon.pl/otworz.php?skrot=Joz%209 https://biblia.deon.pl/otworz.php?skrot=Jr%2033 https://biblia.deon.pl/otworz.php?skrot=Prz%2024 https://biblia.deon.pl/otworz.php?skrot=Ps%2058
59,Joz 10-12,Jr 34-35,Prz 25,Ps 59,Łk 3,Ga 5,29354,https://biblia.deon.pl/otworz.php?skrot=Joz%2010 https://biblia.deon.pl/otworz.php?skrot=Joz%2011 https://biblia.deon.pl/otworz.php?skrot=Joz%2012 https://biblia.deon.pl/otworz.php?skrot=Jr%2034 https://biblia.deon.pl/otworz.php?skrot=Jr%2035 https://biblia.deon.pl/otworz.php?skrot=Prz%2025 https://biblia.deon.pl/otworz.php?skrot=Ps%2059 https://biblia.deon.pl/otworz.php?skrot=%A3k%203 https://biblia.deon.pl/otworz.php?skrot=Ga%205
60,Joz 13-17,Jr 36,Prz 26,Ps 60,Łk 4,,28762,https://biblia.deon.pl/otworz.php?skrot=Joz%2013 https://biblia.deon.pl/otworz.php?skrot=Joz%2014 https://biblia.deon.pl/otworz.php?skrot=Joz%2015 https://biblia.deon.pl/otworz.php?skrot=Joz%2016 https://biblia.deon.pl/otworz.php?skrot=Joz%2017 https://biblia.deon.pl/otworz.php?skrot=Jr%2036 https://biblia.deon.pl/otworz.php?skrot=Prz%2026 https://biblia.deon.pl/otworz.php?skrot=Ps%2060 https://biblia.deon.pl/otworz.php?skrot=%A3k%204
61,Joz 18-21,Jr 37,Prz 27,Ps 61,Łk 5,Ga 6; Ef 1,29719,https://biblia.deon.pl/otworz.php?skrot=Joz%2018 https://biblia.deon.pl/otworz.php?skrot=Joz%2019 https://biblia.deon.pl/otworz.php?skrot=Joz%2020 https://biblia.deon.pl/otworz.php?skrot=Joz%2021 https://biblia.deon.pl/otworz.php?skrot=Jr%2037 https://biblia.deon.pl/otworz.php?skrot=Prz%2027 https://biblia.deon.pl/otworz.php?skrot=Ps%2061 https://biblia.deon.pl/otworz.php?skrot=%A3k%205 https://biblia.deon.pl/otworz.php?skrot=Ga%206 https://biblia.deon.pl/otworz.php?skrot=Ef%201
62,Joz 22-24; Sdz 1,Jr 38-39,Prz 28,Ps 62,,,29502,https://biblia.deon.pl/otworz.php?skrot=Joz%2022 https://biblia.deon.pl/otworz.php?skrot=Joz%2023 https://biblia.deon.pl/otworz.php?skrot=Joz%2024 https://biblia.deon.pl/otworz.php?skrot=Sdz%201 https://biblia.deon.pl/otworz.php?skrot=Jr%2038 https://biblia.deon.pl/otworz.php?skrot=Jr%2039 https://biblia.deon.pl/otworz.php?skrot=Prz%2028 https://biblia.deon.pl/otworz.php?skrot=Ps%2062
63,Sdz 2-5,Jr 40,Prz 29,Ps 63,Łk 6,Ef 2-3,31182,https://biblia.deon.pl/otworz.php?skrot=Sdz%202 https://biblia.deon.pl/otworz.php?skrot=Sdz%203 https://biblia.deon.pl/otworz.php?skrot=Sdz%204 https://biblia.deon.pl/otworz.php?skrot=Sdz%205 https://biblia.deon.pl/otworz.php?skrot=Jr%2040 https://biblia.deon.pl/otworz.php?skrot=Prz%2029 https://biblia.deon.pl/otworz.php?skrot=Ps%2063 https://biblia.deon.pl/otworz.php?skrot=%A3k%206 https://biblia.deon.pl/otworz.php?skrot=Ef%202 https://biblia.deon.pl/otworz.php?skrot=Ef%203
64,Sdz 6-7,Jr 41-42,Prz 30,Ps 64,Łk 7,Ef 4,29343,https://biblia.deon.pl/otworz.php?skrot=Sdz%206 https://biblia.deon.pl/otworz.php?skrot=Sdz%207 https://biblia.deon.pl/otworz.php?skrot=Jr%2041 https://biblia.deon.pl/otworz.php?skrot=Jr%2042 https://biblia.deon.pl/otworz.php?skrot=Prz%2030 https://biblia.deon.pl/otworz.php?skrot=Ps%2064 https://biblia.deon.pl/otworz.php?skrot=%A3k%207 https://biblia.deon.pl/otworz.php?skrot=Ef%204
65,Sdz 8-10,Jr 43-45,Prz 31,Ps 65,,Ef 5,30358,https://biblia.deon.pl/otworz.php?skrot=Sdz%208 https://biblia.deon.pl/otworz.php?skrot=Sdz%209 https://biblia.deon.pl/otworz.php?skrot=Sdz%2010 https://biblia.deon.pl/otworz.php?skrot=Jr%2043 https://biblia.deon.pl/otworz.php?skrot=Jr%2044 https://biblia.deon.pl/otworz.php?skrot=Jr%2045 https://biblia.deon.pl/otworz.php?skrot=Prz%2031 https://biblia.deon.pl/otworz.php?skrot=Ps%2065 https://biblia.deon.pl/otworz.php?skrot=Ef%205
66,Sdz 11-14,Jr 46,Koh 1,Ps 66,Łk 8,Ef 6,31529,https://biblia.deon.pl/otworz.php?skrot=Sdz%2011 https://biblia.deon.pl/otworz.php?skrot=Sdz%2012 https://biblia.deon.pl/otworz.php?skrot=Sdz%2013 https://biblia.deon.pl/otworz.php?skrot=Sdz%2014 https://biblia.deon.pl/otworz.php?skrot=Jr%2046 https://biblia.deon.pl/otworz.php?skrot=Koh%201 https://biblia.deon.pl/otworz.php?skrot=Ps%2066 https://biblia.deon.pl/otworz.php?skrot=%A3k%208 https://biblia.deon.pl/otworz.php?skrot=Ef%206
67,Sdz 15-19,Jr 47-48,Koh 2,Ps 67,,,31138,https://biblia.deon.pl/otworz.php?skrot=Sdz%2015 https://biblia.deon.pl/otworz.php?skrot=Sdz%2016 https://biblia.deon.pl/otworz.php?skrot=Sdz%2017 https://biblia.deon.pl/otworz.php?skrot=Sdz%2018 https://biblia.deon.pl/otworz.php?skrot=Sdz%2019 https://biblia.deon.pl/otworz.php?skrot=Jr%2047 https://biblia.deon.pl/otworz.php?skrot=Jr%2048 https://biblia.deon.pl/otworz.php?skrot=Koh%202 https://biblia.deon.pl/otworz.php?skrot=Ps%2067
68,Sdz 20,Jr 49,Koh 3,Ps 68,Łk 9,Flp 1,29021,https://biblia.deon.pl/otworz.php?skrot=Sdz%2020 https://biblia.deon.pl/otworz.php?skrot=Jr%2049 https://biblia.deon.pl/otworz.php?skrot=Koh%203 https://biblia.deon.pl/otworz.php?skrot=Ps%2068 https://biblia.deon.pl/otworz.php?skrot=%A3k%209 https://biblia.deon.pl/otworz.php?skrot=Flp%201
69,Sdz 21; Rt 1-4,Jr 50,Koh 4,Ps 69,,Flp 2,31583,https://biblia.deon.pl/otworz.php?skrot=Sdz%2021 https://biblia.deon.pl/otworz.php?skrot=Rt%201 https://biblia.deon.pl/otworz.php?skrot=Rt%202 https://biblia.deon.pl/otworz.php?skrot=Rt%203 https://biblia.deon.pl/otworz.php?skrot=Rt%204 https://biblia.deon.pl/otworz.php?skrot=Jr%2050 https://biblia.deon.pl/otworz.php?skrot=Koh%204 https://biblia.deon.pl/otworz.php?skrot=Ps%2069 https://biblia.deon.pl/otworz.php?skrot=Flp%202
70,1 Sm 1-3,Jr 51,Koh 5,Ps 70,Łk 10,Flp 3,30700,https://biblia.deon.pl/otworz.php?skrot=1%20Sm%201 https://biblia.deon.pl/otworz.php?skrot=1%20Sm%202 https://biblia.deon.pl/otworz.php?skrot=1%20Sm%203 https://biblia.deon.pl/otworz.php?skrot=Jr%2051 https://biblia.deon.pl/otworz.php?skrot=Koh%205 https://biblia.deon.pl/otworz.php?skrot=Ps%2070 https://biblia.deon.pl/otworz.php?skrot=%A3k%2010 https://biblia.deon.pl/otworz.php?skrot=Flp%203
71,1 Sm 4-9,Jr 52,Koh 6,Ps 71,,Flp 4,29448,https://biblia.deon.pl/otworz.php?skrot=1%20Sm%204 https://biblia.deon.pl/otworz.php?skrot=1%20Sm%205 https://biblia.deon.pl/otworz.php?skrot=1%20Sm%206 https://biblia.deon.pl/otworz.php?skrot=1%20Sm%207 https://biblia.deon.pl/otworz.php?skrot=1%20Sm%208 https://biblia.deon.pl/otworz.php?skrot=1%20Sm%209 https://biblia.deon.pl/otworz.php?skrot=Jr%2052 https://biblia.deon.pl/otworz.php?skrot=Koh%206 https://biblia.deon.pl/otworz.php?skrot=Ps%2071 https://biblia.deon.pl/otworz.php?skrot=Flp%204
72,1 Sm 10-13,Lm 1,Koh 7,Ps 72,Łk 11,Kol 1,32066,https://biblia.deon.pl/otworz.php?skrot=1%20Sm%2010 https://biblia.deon.pl/otworz.php?skrot=1%20Sm%2011 https://biblia.deon.pl/otworz.php?skrot=1%20Sm%2012 https://biblia.deon.pl/otworz.php?skrot=1%20Sm%2013 https://biblia.deon.pl/otworz.php?skrot=Lm%201 https://biblia.deon.pl/otworz.php?skrot=Koh%207 https://biblia.deon.pl/otworz.php?skrot=Ps%2072 https://biblia.deon.pl/otworz.php?skrot=%A3k%2011 https://biblia.deon.pl/otworz.php?skrot=Kol%201
73,1 Sm 14-15,Lm 2-3,Koh 8,Ps 73,Łk 12,,31206,https://biblia.deon.pl/otworz.php?skrot=1%20Sm%2014 https://biblia.deon.pl/otworz.php?skrot=1%20Sm%2015 https://biblia.deon.pl/otworz.php?skrot=Lm%202 https://biblia.deon.pl/otworz.php?skrot=Lm%203 https://biblia.deon.pl/otworz.php?skrot=Koh%208 https://biblia.deon.pl/otworz.php?skrot=Ps%2073 https://biblia.deon.pl/otworz.php?skrot=%A3k%2012
74,1 Sm 16-19,Lm 4-5,Koh 9,Ps 74,,Kol 2,30724,https://biblia.deon.pl/otworz.php?skrot=1%20Sm%2016 https://biblia.deon.pl/otworz.php?skrot=1%20Sm%2017 https://biblia.deon.pl/otworz.php?skrot=1%20Sm%2018 https://biblia.deon.pl/otworz.php?skrot=1%20Sm%2019 https://biblia.deon.pl/otworz.php?skrot=Lm%204 https://biblia.deon.pl/otworz.php?skrot=Lm%205 https://biblia.deon.pl/otworz.php?skrot=Koh%209 https://biblia.deon.pl/otworz.php?skrot=Ps%2074 https://biblia.deon.pl/otworz.php?skrot=Kol%202
75,1 Sm 20-22,Ba 1-2,Koh 10-12,Ps 75,Łk 13,Kol 3,32163,https://biblia.deon.pl/otworz.php?skrot=1%20Sm%2020 https://biblia.deon.pl/otworz.php?skrot=1%20Sm%2021 https://biblia.deon.pl/otworz.php?skrot=1%20Sm%2022 https://biblia.deon.pl/otworz.php?skrot=Ba%201 https://biblia.deon.pl/otworz.php?skrot=Ba%202 https://biblia.deon.pl/otworz.php?skrot=Koh%2010 https://biblia.deon.pl/otworz.php?skrot=Koh%2011 https://biblia.deon.pl/otworz.php?skrot=Koh%2012 https://biblia.deon.pl/otworz.php?skrot=Ps%2075 https://biblia.deon.pl/otworz.php?skrot=%A3k%2013 https://biblia.deon.pl/otworz.php?skrot=Kol%203
76,1 Sm 23-25,Ba 3-4,Pnp 1,Ps 76,Łk 14,Kol 4; 1 Tes 1,30846,https://biblia.deon.pl/otworz.php?skrot=1%20Sm%2023 https://biblia.deon.pl/otworz.php?skrot=1%20Sm%2024 https://biblia.deon.pl/otworz.php?skrot=1%20Sm%2025 https://biblia.deon.pl/otworz.php?skrot=Ba%203 https://biblia.deon.pl/otworz.php?skrot=Ba%204 https://biblia.deon.pl/otworz.php?skrot=Pnp%201 https://biblia.deon.pl/otworz.php?skrot=Ps%2076 https://biblia.deon.pl/otworz.php?skrot=%A3k%2014 https://biblia.deon.pl/otworz.php?skrot=Kol%204 https://biblia.deon.pl/otworz.php?skrot=1%20Tes%201
77,1 Sm 26-30,Ba 5,Pnp 2-3,Ps 77,Łk 15-16,1 Tes 2,31119,https://biblia.deon.pl/otworz.php?skrot=1%20Sm%2026 https://biblia.deon.pl/otworz.php?skrot=1%20Sm%2027 https://biblia.deon.pl/otworz.php?skrot=1%20Sm%2028 https://biblia.deon.pl/otworz.php?skrot=1%20Sm%2029 https://biblia.deon.pl/otworz.php?skrot=1%20Sm%2030 https://biblia.deon.pl/otworz.php?skrot=Ba%205 https://biblia.deon.pl/otworz.php?skrot=Pnp%202 https://biblia.deon.pl/otworz.php?skrot=Pnp%203 https://biblia.deon.pl/otworz.php?skrot=Ps%2077 https://biblia.deon.pl/otworz.php?skrot=%A3k%2015 https://biblia.deon.pl/otworz.php?skrot=%A3k%2016 https://biblia.deon.pl/otworz.php?skrot=1%20Tes%202
78,1 Sm 31; 2 Sm 1-3,Ba 6,Pnp 4,Ps 78,,,30442,https://biblia.deon.pl/otworz.php?skrot=1%20Sm%2031 https://biblia.deon.pl/otworz.php?skrot=2%20Sm%201 https://biblia.deon.pl/otworz.php?skrot=2%20Sm%202 https://biblia.deon.pl/otworz.php?skrot=2%20Sm%203 https://biblia.deon.pl/otworz.php?skrot=Ba%206 https://biblia.deon.pl/otworz.php?skrot=Pnp%204 https://biblia.deon.pl/otworz.php?skrot=Ps%2078
79,2 Sm 4-8,Ez 1,Pnp 5,Ps 79,Łk 17,1 Tes 3-4,28991,https://biblia.deon.pl/otworz.php?skrot=2%20Sm%204 https://biblia.deon.pl/otworz.php?skrot=2%20Sm%205 https://biblia.deon.pl/otworz.php?skrot=2%20Sm%206 https://biblia.deon.pl/otworz.php?skrot=2%20Sm%207 https://biblia.deon.pl/otworz.php?skrot=2%20Sm%208 https://biblia.deon.pl/otworz.php?skrot=Ez%201 https://biblia.deon.pl/otworz.php?skrot=Pnp%205 https://biblia.deon.pl/otworz.php?skrot=Ps%2079 https://biblia.deon.pl/otworz.php?skrot=%A3k%2017 https://biblia.deon.pl/otworz.php?skrot=1%20Tes%203 https://biblia.deon.pl/otworz.php?skrot=1%20Tes%204
80,2 Sm 9-11,Ez 2-3,Pnp 6-8,Ps 80,Łk 18,1 Tes 5; 2 Tes 1,28465,https://biblia.deon.pl/otworz.php?skrot=2%20Sm%209 https://biblia.deon.pl/otworz.php?skrot=2%20Sm%2010 https://biblia.deon.pl/otworz.php?skrot=2%20Sm%2011 https://biblia.deon.pl/otworz.php?skrot=Ez%202 https://biblia.deon.pl/otworz.php?skrot=Ez%203 https://biblia.deon.pl/otworz.php?skrot=Pnp%206 https://biblia.deon.pl/otworz.php?skrot=Pnp%207 https://biblia.deon.pl/otworz.php?skrot=Pnp%208 https://biblia.deon.pl/otworz.php?skrot=Ps%2080 https://biblia.deon.pl/otworz.php?skrot=%A3k%2018 https://biblia.deon.pl/otworz.php?skrot=1%20Tes%205 https://biblia.deon.pl/otworz.php?skrot=2%20Tes%201
81,2 Sm 12-14,Ez 4-6,Mdr 1,Ps 81,,2 Tes 2,28037,https://biblia.deon.pl/otworz.php?skrot=2%20Sm%2012 https://biblia.deon.pl/otworz.php?skrot=2%20Sm%2013 https://biblia.deon.pl/otworz.php?skrot=2%20Sm%2014 https://biblia.deon.pl/otworz.php?skrot=Ez%204 https://biblia.deon.pl/otworz.php?skrot=Ez%205 https://biblia.deon.pl/otworz.php?skrot=Ez%206 https://biblia.deon.pl/otworz.php?skrot=Mdr%201 https://biblia.deon.pl/otworz.php?skrot=Ps%2081 https://biblia.deon.pl/otworz.php?skrot=2%20Tes%202
82,2 Sm 15-17,Ez 7,Mdr 2,Ps 82,Łk 19,2 Tes 3,26754,https://biblia.deon.pl/otworz.php?skrot=2%20Sm%2015 https://biblia.deon.pl/otworz.php?skrot=2%20Sm%2016 https://biblia.deon.pl/otworz.php?skrot=2%20Sm%2017 https://biblia.deon.pl/otworz.php?skrot=Ez%207 https://biblia.deon.pl/otworz.php?skrot=Mdr%202 https://biblia.deon.pl/otworz.php?skrot=Ps%2082 https://biblia.deon.pl/otworz.php?skrot=%A3k%2019 https://biblia.deon.pl/otworz.php?skrot=2%20Tes%203
83,2 Sm 18-19,Ez 8,Mdr 3,Ps 83,Łk 20,1 Tm 1-3,28890,https://biblia.deon.pl/otworz.php?skrot=2%20Sm%2018 https://biblia.deon.pl/otworz.php?skrot=2%20Sm%2019 https://biblia.deon.pl/otworz.php?skrot=Ez%208 https://biblia.deon.pl/otworz.php?skrot=Mdr%203 https://biblia.deon.pl/otworz.php?skrot=Ps%2083 https://biblia.deon.pl/otworz.php?skrot=%A3k%2020 https://biblia.deon.pl/otworz.php?skrot=1%20Tm%201 https://biblia.deon.pl/otworz.php?skrot=1%20Tm%202 https://biblia.deon.pl/otworz.php?skrot=1%20Tm%203
84,2 Sm 20-22,Ez 9-11,Mdr 4,Ps 84,Łk 21,1 Tm 4,28858,https://biblia.deon.pl/otworz.php?skrot=2%20Sm%2020 https://biblia.deon.pl/otworz.php?skrot=2%20Sm%2021 https://biblia.deon.pl/otworz.php?skrot=2%20Sm%2022 https://biblia.deon.pl/otworz.php?skrot=Ez%209 https://biblia.deon.pl/otworz.php?skrot=Ez%2010 https://biblia.deon.pl/otworz.php?skrot=Ez%2011 https://biblia.deon.pl/otworz.php?skrot=Mdr%204 https://biblia.deon.pl/otworz.php?skrot=Ps%2084 https://biblia.deon.pl/otworz.php?skrot=%A3k%2021 https://biblia.deon.pl/otworz.php?skrot=1%20Tm%204
85,2 Sm 23-24; 1 Krl 1-2,Ez 12,Mdr 5,Ps 85,,,29694,https://biblia.deon.pl/otworz.php?skrot=2%20Sm%2023 https://biblia.deon.pl/otworz.php?skrot=2%20Sm%2024 https://biblia.deon.pl/otworz.php?skrot=1%20Krl%201 https://biblia.deon.pl/otworz.php?skrot=1%20Krl%202 https://biblia.deon.pl/otworz.php?skrot=Ez%2012 https://biblia.deon.pl/otworz.php?skrot=Mdr%205 https://biblia.deon.pl/otworz.php?skrot=Ps%2085
86,1 Krl 3,Ez 13-15,Mdr 6,Ps 86,Łk 22,1 Tm 5-6,28576,https://biblia.deon.pl/otworz.php?skrot=1%20Krl%203 https://biblia.deon.pl/otworz.php?skrot=Ez%2013 https://biblia.deon.pl/otworz.php?skrot=Ez%2014 https://biblia.deon.pl/otworz.php?skrot=Ez%2015 https://biblia.deon.pl/otworz.php?skrot=Mdr%206 https://biblia.deon.pl/otworz.php?skrot=Ps%2086 https://biblia.deon.pl/otworz.php?skrot=%A3k%2022 https://biblia.deon.pl/otworz.php?skrot=1%20Tm%205 https://biblia.deon.pl/otworz.php?skrot=1%20Tm%206
87,1 Krl 4-6,Ez 16,Mdr 7,Ps 87,Łk 23,,29317,https://biblia.deon.pl/otworz.php?skrot=1%20Krl%204 https://biblia.deon.pl/otworz.php?skrot=1%20Krl%205 https://biblia.deon.pl/otworz.php?skrot=1%20Krl%206 https://biblia.deon.pl/otworz.php?skrot=Ez%2016 https://biblia.deon.pl/otworz.php?skrot=Mdr%207 https://biblia.deon.pl/otworz.php?skrot=Ps%2087 https://biblia.deon.pl/otworz.php?skrot=%A3k%2023
88,1 Krl 7-8,Ez 17,Mdr 8,Ps 88,,2 Tm 1,27746,https://biblia.deon.pl/otworz.php?skrot=1%20Krl%207 https://biblia.deon.pl/otworz.php?skrot=1%20Krl%208 https://biblia.deon.pl/otworz.php?skrot=Ez%2017 https://biblia.deon.pl/otworz.php?skrot=Mdr%208 https://biblia.deon.pl/otworz.php?skrot=Ps%2088 https://biblia.deon.pl/otworz.php?skrot=2%20Tm%201
89,1 Krl 9-10,Ez 18-19,Mdr 9,Ps 89,Łk 24,2 Tm 2,28763,https://biblia.deon.pl/otworz.php?skrot=1%20Krl%209 https://biblia.deon.pl/otworz.php?skrot=1%20Krl%2010 https://biblia.deon.pl/otworz.php?skrot=Ez%2018 https://biblia.deon.pl/otworz.php?skrot=Ez%2019 https://biblia.deon.pl/otworz.php?skrot=Mdr%209 https://biblia.deon.pl/otworz.php?skrot=Ps%2089 https://biblia.deon.pl/otworz.php?skrot=%A3k%2024 https://biblia.deon.pl/otworz.php?skrot=2%20Tm%202
90,1 Krl 11-12,Ez 20,Mdr 10,Ps 90,,2 Tm 3-4; Tt 1,28528,https://biblia.deon.pl/otworz.php?skrot=1%20Krl%2011 https://biblia.deon.pl/otworz.php?skrot=1%20Krl%2012 https://biblia.deon.pl/otworz.php?skrot=Ez%2020 https://biblia.deon.pl/otworz.php?skrot=Mdr%2010 https://biblia.deon.pl/otworz.php?skrot=Ps%2090 https://biblia.deon.pl/otworz.php?skrot=2%20Tm%203 https://biblia.deon.pl/otworz.php?skrot=2%20Tm%204 https://biblia.deon.pl/otworz.php?skrot=Tt%201
91,1 Krl 13-15,Ez 21,Mdr 11,Ps 91,J 1,Tt 2,29876,https://biblia.deon.pl/otworz.php?skrot=1%20Krl%2013 https://biblia.deon.pl/otworz.php?skrot=1%20Krl%2014 https://biblia.deon.pl/otworz.php?skrot=1%20Krl%2015 https://biblia.deon.pl/otworz.php?skrot=Ez%2021 https://biblia.deon.pl/otworz.php?skrot=Mdr%2011 https://biblia.deon.pl/otworz.php?skrot=Ps%2091 https://biblia.deon.pl/otworz.php?skrot=J%201 https://biblia.deon.pl/otworz.php?skrot=Tt%202
92,1 Krl 16-19,Ez 22,Mdr 12,Ps 92,J 2,,29166,https://biblia.deon.pl/otworz.php?skrot=1%20Krl%2016 https://biblia.deon.pl/otworz.php?skrot=1%20Krl%2017 https://biblia.deon.pl/otworz.php?skrot=1%20Krl%2018 https://biblia.deon.pl/otworz.php?skrot=1%20Krl%2019 https://biblia.deon.pl/otworz.php?skrot=Ez%2022 https://biblia.deon.pl/otworz.php?skrot=Mdr%2012 https://biblia.deon.pl/otworz.php?skrot=Ps%2092 https://biblia.deon.pl/otworz.php?skrot=J%202
93,1 Krl 20-21,Ez 23,Mdr 13,Ps 93,J 3,Tt 3; Flm 1,29187,https://biblia.deon.pl/otworz.php?skrot=1%20Krl%2020 https://biblia.deon.pl/otworz.php?skrot=1%20Krl%2021 https://biblia.deon.pl/otworz.php?skrot=Ez%2023 https://biblia.deon.pl/otworz.php?skrot=Mdr%2013 https://biblia.deon.pl/otworz.php?skrot=Ps%2093 https://biblia.deon.pl/otworz.php?skrot=J%203 https://biblia.deon.pl/otworz.php?skrot=Tt%203 https://biblia.deon.pl/otworz.php?skrot=Flm%201
94,1 Krl 22; 2 Krl 1,Ez 24-25,Mdr 14,Ps 94,J 4,Hbr 1,28811,https://biblia.deon.pl/otworz.php?skrot=1%20Krl%2022 https://biblia.deon.pl/otworz.php?skrot=2%20Krl%201 https://biblia.deon.pl/otworz.php?skrot=Ez%2024 https://biblia.deon.pl/otworz.php?skrot=Ez%2025 https://biblia.deon.pl/otworz.php?skrot=Mdr%2014 https://biblia.deon.pl/otworz.php?skrot=Ps%2094 https://biblia.deon.pl/otworz.php?skrot=J%204 https://biblia.deon.pl/otworz.php?skrot=Hbr%201
95,2 Krl 2-5,Ez 26,Mdr 15,Ps 95,,Hbr 2,27880,https://biblia.deon.pl/otworz.php?skrot=2%20Krl%202 https://biblia.deon.pl/otworz.php?skrot=2%20Krl%203 https://biblia.deon.pl/otworz.php?skrot=2%20Krl%204 https://biblia.deon.pl/otworz.php?skrot=2%20Krl%205 https://biblia.deon.pl/otworz.php?skrot=Ez%2026 https://biblia.deon.pl/otworz.php?skrot=Mdr%2015 https://biblia.deon.pl/otworz.php?skrot=Ps%2095 https://biblia.deon.pl/otworz.php?skrot=Hbr%202
96,2 Krl 6-8,Ez 27,Mdr 16,Ps 96,J 5,Hbr 3,29232,https://biblia.deon.pl/otworz.php?skrot=2%20Krl%206 https://biblia.deon.pl/otworz.php?skrot=2%20Krl%207 https://biblia.deon.pl/otworz.php?skrot=2%20Krl%208 https://biblia.deon.pl/otworz.php?skrot=Ez%2027 https://biblia.deon.pl/otworz.php?skrot=Mdr%2016 https://biblia.deon.pl/otworz.php?skrot=Ps%2096 https://biblia.deon.pl/otworz.php?skrot=J%205 https://biblia.deon.pl/otworz.php?skrot=Hbr%203
97,2 Krl 9-12,Ez 28-29,Mdr 17,Ps 97,,,28643,https://biblia.deon.pl/otworz.php?skrot=2%20Krl%209 https://biblia.deon.pl/otworz.php?skrot=2%20Krl%2010 https://biblia.deon.pl/otworz.php?skrot=2%20Krl%2011 https://biblia.deon.pl/otworz.php?skrot=2%20Krl%2012 https://biblia.deon.pl/otworz.php?skrot=Ez%2028 https://biblia.deon.pl/otworz.php?skrot=Ez%2029 https://biblia.deon.pl/otworz.php?skrot=Mdr%2017 https://biblia.deon.pl/otworz.php?skrot=Ps%2097
98,2 Krl 13-14,Ez 30,Mdr 18,Ps 98,J 6,Hbr 4-6,28205,https://biblia.deon.pl/otworz.php?skrot=2%20Krl%2013 https://biblia.deon.pl/otworz.php?skrot=2%20Krl%2014 https://biblia.deon.pl/otworz.php?skrot=Ez%2030 https://biblia.deon.pl/otworz.php?skrot=Mdr%2018 https://biblia.deon.pl/otworz.php?skrot=Ps%2098 https://biblia.deon.pl/otworz.php?skrot=J%206 https://biblia.deon.pl/otworz.php?skrot=Hbr%204 https://biblia.deon.pl/otworz.php?skrot=Hbr%205 https://biblia.deon.pl/otworz.php?skrot=Hbr%206
99,2 Krl 15-16,Ez 31-32,Mdr 19,Ps 99,J 7,Hbr 7-8,30471,https://biblia.deon.pl/otworz.php?skrot=2%20Krl%2015 https://biblia.deon.pl/otworz.php?skrot=2%20Krl%2016 https://biblia.deon.pl/otworz.php?skrot=Ez%2031 https://biblia.deon.pl/otworz.php?skrot=Ez%2032 https://biblia.deon.pl/otworz.php?skrot=Mdr%2019 https://biblia.deon.pl/otworz.php?skrot=Ps%2099 https://biblia.deon.pl/otworz.php?skrot=J%207 https://biblia.deon.pl/otworz.php?skrot=Hbr%207 https://biblia.deon.pl/otworz.php?skrot=Hbr%208
100,2 Krl 17-20,Ez 33,Syr 1,Ps 100,,,28714,https://biblia.deon.pl/otworz.php?skrot=2%20Krl%2017 https://biblia.deon.pl/otworz.php?skrot=2%20Krl%2018 https://biblia.deon.pl/otworz.php?skrot=2%20Krl%2019 https://biblia.deon.pl/otworz.php?skrot=2%20Krl%2020 https://biblia.deon.pl/otworz.php?skrot=Ez%2033 https://biblia.deon.pl/otworz.php?skrot=Syr%201 https://biblia.deon.pl/otworz.php?skrot=Ps%20100
101,2 Krl 21-23,Ez 34,Syr 2,Ps 101,J 8,Hbr 9,30602,https://biblia.deon.pl/otworz.php?skrot=2%20Krl%2021 https://biblia.deon.pl/otworz.php?skrot=2%20Krl%2022 https://biblia.deon.pl/otworz.php?skrot=2%20Krl%2023 https://biblia.deon.pl/otworz.php?skrot=Ez%2034 https://biblia.deon.pl/otworz.php?skrot=Syr%202 https://biblia.deon.pl/otworz.php?skrot=Ps%20101 https://biblia.deon.pl/otworz.php?skrot=J%208 https://biblia.deon.pl/otworz.php?skrot=Hbr%209
102,2 Krl 24-25; 1 Krn 1-3,Ez 35-36,Syr 3,Ps 102,,,29390,https://biblia.deon.pl/otworz.php?skrot=2%20Krl%2024 https://biblia.deon.pl/otworz.php?skrot=2%20Krl%2025 https://biblia.deon.pl/otworz.php?skrot=1%20Krn%201 https://biblia.deon.pl/otworz.php?skrot=1%20Krn%202 https://biblia.deon.pl/otworz.php?skrot=1%20Krn%203 https://biblia.deon.pl/otworz.php?skrot=Ez%2035 https://biblia.deon.pl/otworz.php?skrot=Ez%2036 https://biblia.deon.pl/otworz.php?skrot=Syr%203 https://biblia.deon.pl/otworz.php?skrot=Ps%20102
103,1 Krn 4-6,Ez 37,Syr 4,Ps 103,J 9,Hbr 10,30547,https://biblia.deon.pl/otworz.php?skrot=1%20Krn%204 https://biblia.deon.pl/otworz.php?skrot=1%20Krn%205 https://biblia.deon.pl/otworz.php?skrot=1%20Krn%206 https://biblia.deon.pl/otworz.php?skrot=Ez%2037 https://biblia.deon.pl/otworz.php?skrot=Syr%204 https://biblia.deon.pl/otworz.php?skrot=Ps%20103 https://biblia.deon.pl/otworz.php?skrot=J%209 https://biblia.deon.pl/otworz.php?skrot=Hbr%2010
104,1 Krn 7-11,Ez 38-39,Syr 5,Ps 104,J 10,,33452,https://biblia.deon.pl/otworz.php?skrot=1%20Krn%207 https://biblia.deon.pl/otworz.php?skrot=1%20Krn%208 https://biblia.deon.pl/otworz.php?skrot=1%20Krn%209 https://biblia.deon.pl/otworz.php?skrot=1%20Krn%2010 https://biblia.deon.pl/otworz.php?skrot=1%20Krn%2011 https://biblia.deon.pl/otworz.php?skrot=Ez%2038 https://biblia.deon.pl/otworz.php?skrot=Ez%2039 https://biblia.deon.pl/otworz.php?skrot=Syr%205 https://biblia.deon.pl/otworz.php?skrot=Ps%20104 https://biblia.deon.pl/otworz.php?skrot=J%2010
105,1 Krn 12,Ez 40,Syr 6,Ps 105,J 11,Hbr 11,29514,https://biblia.deon.pl/otworz.php?skrot=1%20Krn%2012 https://biblia.deon.pl/otworz.php?skrot=Ez%2040 https://biblia.deon.pl/otworz.php?skrot=Syr%206 https://biblia.deon.pl/otworz.php?skrot=Ps%20105 https://biblia.deon.pl/otworz.php?skrot=J%2011 https://biblia.deon.pl/otworz.php?skrot=Hbr%2011
106,1 Krn 13-18,Ez 41,Syr 7,Ps 106,,Hbr 12,30781,https://biblia.deon.pl/otworz.php?skrot=1%20Krn%2013 https://biblia.deon.pl/otworz.php?skrot=1%20Krn%2014 https://biblia.deon.pl/otworz.php?skrot=1%20Krn%2015 https://biblia.deon.pl/otworz.php?skrot=1%20Krn%2016 https://biblia.deon.pl/otworz.php?skrot=1%20Krn%2017 https://biblia.deon.pl/otworz.php?skrot=1%20Krn%2018 https://biblia.deon.pl/otworz.php?skrot=Ez%2041 https://biblia.deon.pl/otworz.php?skrot=Syr%207 https://biblia.deon.pl/otworz.php?skrot=Ps%20106 https://biblia.deon.pl/otworz.php?skrot=Hbr%2012
107,1 Krn 19-22,Ez 42-43,Syr 8,Ps 107,J 12,,28693,https://biblia.deon.pl/otworz.php?skrot=1%20Krn%2019 https://biblia.deon.pl/otworz.php?skrot=1%20Krn%2020 https://biblia.deon.pl/otworz.php?skrot=1%20Krn%2021 https://biblia.deon.pl/otworz.php?skrot=1%20Krn%2022 https://biblia.deon.pl/otworz.php?skrot=Ez%2042 https://biblia.deon.pl/otworz.php?skrot=Ez%2043 https://biblia.deon.pl/otworz.php?skrot=Syr%208 https://biblia.deon.pl/otworz.php?skrot=Ps%20107 https://biblia.deon.pl/otworz.php?skrot=J%2012
108,1 Krn 23-27,Ez 44,Syr 9,Ps 108,J 13,Hbr 13,31181,https://biblia.deon.pl/otworz.php?skrot=1%20Krn%2023 https://biblia.deon.pl/otworz.php?skrot=1%20Krn%2024 https://biblia.deon.pl/otworz.php?skrot=1%20Krn%2025 https://biblia.deon.pl/otworz.php?skrot=1%20Krn%2026 https://biblia.deon.pl/otworz.php?skrot=1%20Krn%2027 https://biblia.deon.pl/otworz.php?skrot=Ez%2044 https://biblia.deon.pl/otworz.php?skrot=Syr%209 https://biblia.deon.pl/otworz.php?skrot=Ps%20108 https://biblia.deon.pl/otworz.php?skrot=J%2013 https://biblia.deon.pl/otworz.php?skrot=Hbr%2013
109,1 Krn 28-29; 2 Krn 1-2,Ez 45,Syr 10,Ps 109,J 14,Jk 1,30143,https://biblia.deon.pl/otworz.php?skrot=1%20Krn%2028 https://biblia.deon.pl/otworz.php?skrot=1%20Krn%2029 https://biblia.deon.pl/otworz.php?skrot=2%20Krn%201 https://biblia.deon.pl/otworz.php?skrot=2%20Krn%202 https://biblia.deon.pl/otworz.php?skrot=Ez%2045 https://biblia.deon.pl/otworz.php?skrot=Syr%2010 https://biblia.deon.pl/otworz.php?skrot=Ps%20109 https://biblia.deon.pl/otworz.php?skrot=J%2014 https://biblia.deon.pl/otworz.php?skrot=Jk%201
110,2 Krn 3-6,Ez 46,Syr 11,Ps 110,J 15,Jk 2,28575,https://biblia.deon.pl/otworz.php?skrot=2%20Krn%203 https://biblia.deon.pl/otworz.php?skrot=2%20Krn%204 https://biblia.deon.pl/otworz.php?skrot=2%20Krn%205 https://biblia.deon.pl/otworz.php?skrot=2%20Krn%206 https://biblia.deon.pl/otworz.php?skrot=Ez%2046 https://biblia.deon.pl/otworz.php?skrot=Syr%2011 https://biblia.deon.pl/otworz.php?skrot=Ps%20110 https://biblia.deon.pl/otworz.php?skrot=J%2015 https://biblia.deon.pl/otworz.php?skrot=Jk%202
111,2 Krn 7-11,Ez 47,Syr 12,Ps 111,J 16,,26679,https://biblia.deon.pl/otworz.php?skrot=2%20Krn%207 https://biblia.deon.pl/otworz.php?skrot=2%20Krn%208 https://biblia.deon.pl/otworz.php?skrot=2%20Krn%209 https://biblia.deon.pl/otworz.php?skrot=2%20Krn%2010 https://biblia.deon.pl/otworz.php?skrot=2%20Krn%2011 https://biblia.deon.pl/otworz.php?skrot=Ez%2047 https://biblia.deon.pl/otworz.php?skrot=Syr%2012 https://biblia.deon.pl/otworz.php?skrot=Ps%20111 https://biblia.deon.pl/otworz.php?skrot=J%2016
112,2 Krn 12-16,Ez 48,Syr 13,Ps 112,J 17,Jk 3-4,28466,https://biblia.deon.pl/otworz.php?skrot=2%20Krn%2012 https://biblia.deon.pl/otworz.php?skrot=2%20Krn%2013 https://biblia.deon.pl/otworz.php?skrot=2%20Krn%2014 https://biblia.deon.pl/otworz.php?skrot=2%20Krn%2015 https://biblia.deon.pl/otworz.php?skrot=2%20Krn%2016 https://biblia.deon.pl/otworz.php?skrot=Ez%2048 https://biblia.deon.pl/otworz.php?skrot=Syr%2013 https://biblia.deon.pl/otworz.php?skrot=Ps%20112 https://biblia.deon.pl/otworz.php?skrot=J%2017 https://biblia.deon.pl/otworz.php?skrot=Jk%203 https://biblia.deon.pl/otworz.php?skrot=Jk%204
113,2 Krn 17-21,Dn 1,Syr 14,Ps 113,J 18,Jk 5,30585,https://biblia.deon.pl/otworz.php?skrot=2%20Krn%2017 https://biblia.deon.pl/otworz.php?skrot=2%20Krn%2018 https://biblia.deon.pl/otworz.php?skrot=2%20Krn%2019 https://biblia.deon.pl/otworz.php?skrot=2%20Krn%2020 https://biblia.deon.pl/otworz.php?skrot=2%20Krn%2021 https://biblia.deon.pl/otworz.php?skrot=Dn%201 https://biblia.deon.pl/otworz.php?skrot=Syr%2014 https://biblia.deon.pl/otworz.php?skrot=Ps%20113 https://biblia.deon.pl/otworz.php?skrot=J%2018 https://biblia.deon.pl/otworz.php?skrot=Jk%205
114,2 Krn 22-25,Dn 2,Syr 15,Ps 114,,1 P 1-2,30073,https://biblia.deon.pl/otworz.php?skrot=2%20Krn%2022 https://biblia.deon.pl/otworz.php?skrot=2%20Krn%2023 https://biblia.deon.pl/otworz.php?skrot=2%20Krn%2024 https://biblia.deon.pl/otworz.php?skrot=2%20Krn%2025 https://biblia.deon.pl/otworz.php?skrot=Dn%202 https://biblia.deon.pl/otworz.php?skrot=Syr%2015 https://biblia.deon.pl/otworz.php?skrot=Ps%20114 https://biblia.deon.pl/otworz.php?skrot=1%20P%201 https://biblia.deon.pl/otworz.php?skrot=1%20P%202
115,2 Krn 26-28,Dn 3,Syr 16,Ps 115,J 19,,30209,https://biblia.deon.pl/otworz.php?skrot=2%20Krn%2026 https://biblia.deon.pl/otworz.php?skrot=2%20Krn%2027 https://biblia.deon.pl/otworz.php?skrot=2%20Krn%2028 https://biblia.deon.pl/otworz.php?skrot=Dn%203 https://biblia.deon.pl/otworz.php?skrot=Syr%2016 https://biblia.deon.pl/otworz.php?skrot=Ps%20115 https://biblia.deon.pl/otworz.php?skrot=J%2019
116,2 Krn 29-31,Dn 4,Syr 17,Ps 116,J 20,1 P 3,29729,https://biblia.deon.pl/otworz.php?skrot=2%20Krn%2029 https://biblia.deon.pl/otworz.php?skrot=2%20Krn%2030 https://biblia.deon.pl/otworz.php?skrot=2%20Krn%2031 https://biblia.deon.pl/otworz.php?skrot=Dn%204 https://biblia.deon.pl/otworz.php?skrot=Syr%2017 https://biblia.deon.pl/otworz.php?skrot=Ps%20116 https://biblia.deon.pl/otworz.php?skrot=J%2020 https://biblia.deon.pl/otworz.php?skrot=1%20P%203
117,2 Krn 32-34,Dn 5,Syr 18,Ps 117,J 21; Dz 1,1 P 4,31457,https://biblia.deon.pl/otworz.php?skrot=2%20Krn%2032 https://biblia.deon.pl/otworz.php?skrot=2%20Krn%2033 https://biblia.deon.pl/otworz.php?skrot=2%20Krn%2034 https://biblia.deon.pl/otworz.php?skrot=Dn%205 https://biblia.deon.pl/otworz.php?skrot=Syr%2018 https://biblia.deon.pl/otworz.php?skrot=Ps%20117 https://biblia.deon.pl/otworz.php?skrot=J%2021 https://biblia.deon.pl/otworz.php?skrot=Dz%201 https://biblia.deon.pl/otworz.php?skrot=1%20P%204
118,2 Krn 35-36; Ezd 1-4,Dn 6,Syr 19,Ps 118,,1 P 5,31926,https://biblia.deon.pl/otworz.php?skrot=2%20Krn%2035 https://biblia.deon.pl/otworz.php?skrot=2%20Krn%2036 https://biblia.deon.pl/otworz.php?skrot=Ezd%201 https://biblia.deon.pl/otworz.php?skrot=Ezd%202 https://biblia.deon.pl/otworz.php?skrot=Ezd%203 https://biblia.deon.pl/otworz.php?skrot=Ezd%204 https://biblia.deon.pl/otworz.php?skrot=Dn%206 https://biblia.deon.pl/otworz.php?skrot=Syr%2019 https://biblia.deon.pl/otworz.php?skrot=Ps%20118 https://biblia.deon.pl/otworz.php?skrot=1%20P%205
119,Ezd 5,Dn 7,Syr 20,Ps 119,Dz 2,2 P 1,30743,https://biblia.deon.pl/otworz.php?skrot=Ezd%205 https://biblia.deon.pl/otworz.php?skrot=Dn%207 https://biblia.deon.pl/otworz.php?skrot=Syr%2020 https://biblia.deon.pl/otworz.php?skrot=Ps%20119 https://biblia.deon.pl/otworz.php?skrot=Dz%202 https://biblia.deon.pl/otworz.php?skrot=2%20P%201
120,Ezd 6-9,Dn 8,Syr 21,Ps 120,Dz 3,2 P 2,28320,https://biblia.deon.pl/otworz.php?skrot=Ezd%206 https://biblia.deon.pl/otworz.php?skrot=Ezd%207 https://biblia.deon.pl/otworz.php?skrot=Ezd%208 https://biblia.deon.pl/otworz.php?skrot=Ezd%209 https://biblia.deon.pl/otworz.php?skrot=Dn%208 https://biblia.deon.pl/otworz.php?skrot=Syr%2021 https://biblia.deon.pl/otworz.php?skrot=Ps%20120 https://biblia.deon.pl/otworz.php?skrot=Dz%203 https://biblia.deon.pl/otworz.php?skrot=2%20P%202
121,Ezd 10; Ne 1-2,Dn 9-10,Syr 22,Ps 121,Dz 4,2 P 3; 1 J 1,29272,https://biblia.deon.pl/otworz.php?skrot=Ezd%2010 https://biblia.deon.pl/otworz.php?skrot=Ne%201 https://biblia.deon.pl/otworz.php?skrot=Ne%202 https://biblia.deon.pl/otworz.php?skrot=Dn%209 https://biblia.deon.pl/otworz.php?skrot=Dn%2010 https://biblia.deon.pl/otworz.php?skrot=Syr%2022 https://biblia.deon.pl/otworz.php?skrot=Ps%20121 https://biblia.deon.pl/otworz.php?skrot=Dz%204 https://biblia.deon.pl/otworz.php?skrot=2%20P%203 https://biblia.deon.pl/otworz.php?skrot=1%20J%201
122,Ne 3-7,Dn 11,Syr 23,Ps 122,,,30218,https://biblia.deon.pl/otworz.php?skrot=Ne%203 https://biblia.deon.pl/otworz.php?skrot=Ne%204 https://biblia.deon.pl/otworz.php?skrot=Ne%205 https://biblia.deon.pl/otworz.php?skrot=Ne%206 https://biblia.deon.pl/otworz.php?skrot=Ne%207 https://biblia.deon.pl/otworz.php?skrot=Dn%2011 https://biblia.deon.pl/otworz.php?skrot=Syr%2023 https://biblia.deon.pl/otworz.php?skrot=Ps%20122
123,Ne 8-10,Dn 12,Syr 24,Ps 123,Dz 5,1 J 2,27222,https://biblia.deon.pl/otworz.php?skrot=Ne%208 https://biblia.deon.pl/otworz.php?skrot=Ne%209 https://biblia.deon.pl/otworz.php?skrot=Ne%2010 https://biblia.deon.pl/otworz.php?skrot=Dn%2012 https://biblia.deon.pl/otworz.php?skrot=Syr%2024 https://biblia.deon.pl/otworz.php?skrot=Ps%20123 https://biblia.deon.pl/otworz.php?skrot=Dz%205 https://biblia.deon.pl/otworz.php?skrot=1%20J%202
124,Ne 11-13,Dn 13,Syr 25,Ps 124,Dz 6,1 J 3,28782,https://biblia.deon.pl/otworz.php?skrot=Ne%2011 https://biblia.deon.pl/otworz.php?skrot=Ne%2012 https://biblia.deon.pl/otworz.php?skrot=Ne%2013 https://biblia.deon.pl/otworz.php?skrot=Dn%2013 https://biblia.deon.pl/otworz.php?skrot=Syr%2025 https://biblia.deon.pl/otworz.php?skrot=Ps%20124 https://biblia.deon.pl/otworz.php?skrot=Dz%206 https://biblia.deon.pl/otworz.php?skrot=1%20J%203
125,Tb 1-4,Dn 14,Syr 26,Ps 125,Dz 7,,28576,https://biblia.deon.pl/otworz.php?skrot=Tb%201 https://biblia.deon.pl/otworz.php?skrot=Tb%202 https://biblia.deon.pl/otworz.php?skrot=Tb%203 https://biblia.deon.pl/otworz.php?skrot=Tb%204 https://biblia.deon.pl/otworz.php?skrot=Dn%2014 https://biblia.deon.pl/otworz.php?skrot=Syr%2026 https://biblia.deon.pl/otworz.php?skrot=Ps%20125 https://biblia.deon.pl/otworz.php?skrot=Dz%207
126,Tb 5-7,Oz 1-3,Syr 27,Ps 126,Dz 8,1 J 4-5,29758,https://biblia.deon.pl/otworz.php?skrot=Tb%205 https://biblia.deon.pl/otworz.php?skrot=Tb%206 https://biblia.deon.pl/otworz.php?skrot=Tb%207 https://biblia.deon.pl/otworz.php?skrot=Oz%201 https://biblia.deon.pl/otworz.php?skrot=Oz%202 https://biblia.deon.pl/otworz.php?skrot=Oz%203 https://biblia.deon.pl/otworz.php?skrot=Syr%2027 https://biblia.deon.pl/otworz.php?skrot=Ps%20126 https://biblia.deon.pl/otworz.php?skrot=Dz%208 https://biblia.deon.pl/otworz.php?skrot=1%20J%204 https://biblia.deon.pl/otworz.php?skrot=1%20J%205
127,Tb 8-13,Oz 4-8,Syr 28,Ps 127,,2 J 1,29414,https://biblia.deon.pl/otworz.php?skrot=Tb%208 https://biblia.deon.pl/otworz.php?skrot=Tb%209 https://biblia.deon.pl/otworz.php?skrot=Tb%2010 https://biblia.deon.pl/otworz.php?skrot=Tb%2011 https://biblia.deon.pl/otworz.php?skrot=Tb%2012 https://biblia.deon.pl/otworz.php?skrot=Tb%2013 https://biblia.deon.pl/otworz.php?skrot=Oz%204 https://biblia.deon.pl/otworz.php?skrot=Oz%205 https://biblia.deon.pl/otworz.php?skrot=Oz%206 https://biblia.deon.pl/otworz.php?skrot=Oz%207 https://biblia.deon.pl/otworz.php?skrot=Oz%208 https://biblia.deon.pl/otworz.php?skrot=Syr%2028 https://biblia.deon.pl/otworz.php?skrot=Ps%20127 https://biblia.deon.pl/otworz.php?skrot=2%20J%201
128,Tb 14; Jdt 1-4,Oz 9-10,Syr 29,Ps 128,Dz 9,3 J 1,28179,https://biblia.deon.pl/otworz.php?skrot=Tb%2014 https://biblia.deon.pl/otworz.php?skrot=Jdt%201 https://biblia.deon.pl/otworz.php?skrot=Jdt%202 https://biblia.deon.pl/otworz.php?skrot=Jdt%203 https://biblia.deon.pl/otworz.php?skrot=Jdt%204 https://biblia.deon.pl/otworz.php?skrot=Oz%209 https://biblia.deon.pl/otworz.php?skrot=Oz%2010 https://biblia.deon.pl/otworz.php?skrot=Syr%2029 https://biblia.deon.pl/otworz.php?skrot=Ps%20128 https://biblia.deon.pl/otworz.php?skrot=Dz%209 https://biblia.deon.pl/otworz.php?skrot=3%20J%201
129,Jdt 5-7,Oz 11-14,Syr 30,Ps 129,Dz 10,Jud 1,29343,https://biblia.deon.pl/otworz.php?skrot=Jdt%205 https://biblia.deon.pl/otworz.php?skrot=Jdt%206 https://biblia.deon.pl/otworz.php?skrot=Jdt%207 https://biblia.deon.pl/otworz.php?skrot=Oz%2011 https://biblia.deon.pl/otworz.php?skrot=Oz%2012 https://biblia.deon.pl/otworz.php?skrot=Oz%2013 https://biblia.deon.pl/otworz.php?skrot=Oz%2014 https://biblia.deon.pl/otworz.php?skrot=Syr%2030 https://biblia.deon.pl/otworz.php?skrot=Ps%20129 https://biblia.deon.pl/otworz.php?skrot=Dz%2010 https://biblia.deon.pl/otworz.php?skrot=Jud%201
130,Jdt 8-10,Jl 1-3,Syr 31,Ps 130,Dz 11,Ap 1,28643,https://biblia.deon.pl/otworz.php?skrot=Jdt%208 https://biblia.deon.pl/otworz.php?skrot=Jdt%209 https://biblia.deon.pl/otworz.php?skrot=Jdt%2010 https://biblia.deon.pl/otworz.php?skrot=Jl%201 https://biblia.deon.pl/otworz.php?skrot=Jl%202 https://biblia.deon.pl/otworz.php?skrot=Jl%203 https://biblia.deon.pl/otworz.php?skrot=Syr%2031 https://biblia.deon.pl/otworz.php?skrot=Ps%20130 https://biblia.deon.pl/otworz.php?skrot=Dz%2011 https://biblia.deon.pl/otworz.php?skrot=Ap%201
131,Jdt 11-15,Jl 4,Syr 32,Ps 131,Dz 12,Ap 2,28479,https://biblia.deon.pl/otworz.php?skrot=Jdt%2011 https://biblia.deon.pl/otworz.php?skrot=Jdt%2012 https://biblia.deon.pl/otworz.php?skrot=Jdt%2013 https://biblia.deon.pl/otworz.php?skrot=Jdt%2014 https://biblia.deon.pl/otworz.php?skrot=Jdt%2015 https://biblia.deon.pl/otworz.php?skrot=Jl%204 https://biblia.deon.pl/otworz.php?skrot=Syr%2032 https://biblia.deon.pl/otworz.php?skrot=Ps%20131 https://biblia.deon.pl/otworz.php?skrot=Dz%2012 https://biblia.deon.pl/otworz.php?skrot=Ap%202
132,Jdt 16; Est 1,Am 1-4,Syr 33,Ps 132,Dz 13,Ap 3,28408,https://biblia.deon.pl/otworz.php?skrot=Jdt%2016 https://biblia.deon.pl/otworz.php?skrot=Est%201 https://biblia.deon.pl/otworz.php?skrot=Am%201 https://biblia.deon.pl/otworz.php?skrot=Am%202 https://biblia.deon.pl/otworz.php?skrot=Am%203 https://biblia.deon.pl/otworz.php?skrot=Am%204 https://biblia.deon.pl/otworz.php?skrot=Syr%2033 https://biblia.deon.pl/otworz.php?skrot=Ps%20132 https://biblia.deon.pl/otworz.php?skrot=Dz%2013 https://biblia.deon.pl/otworz.php?skrot=Ap%203
133,Est 2-5,Am 5-6,Syr 34,Ps 133,,Ap 4-5,27671,https://biblia.deon.pl/otworz.php?skrot=Est%202 https://biblia.deon.pl/otworz.php?skrot=Est%203 https://biblia.deon.pl/otworz.php?skrot=Est%204 https://biblia.deon.pl/otworz.php?skrot=Est%205 https://biblia.deon.pl/otworz.php?skrot=Am%205 https://biblia.deon.pl/otworz.php?skrot=Am%206 https://biblia.deon.pl/otworz.php?skrot=Syr%2034 https://biblia.deon.pl/otworz.php?skrot=Ps%20133 https://biblia.deon.pl/otworz.php?skrot=Ap%204 https://biblia.deon.pl/otworz.php?skrot=Ap%205
134,Est 6-10,Am 7-9; Ab 1,Syr 35,Ps 134,Dz 14,,28659,https://biblia.deon.pl/otworz.php?skrot=Est%206 https://biblia.deon.pl/otworz.php?skrot=Est%207 https://biblia.deon.pl/otworz.php?skrot=Est%208 https://biblia.deon.pl/otworz.php?skrot=Est%209 https://biblia.deon.pl/otworz.php?skrot=Est%2010 https://biblia.deon.pl/otworz.php?skrot=Am%207 https://biblia.deon.pl/otworz.php?skrot=Am%208 https://biblia.deon.pl/otworz.php?skrot=Am%209 https://biblia.deon.pl/otworz.php?skrot=Ab%201 https://biblia.deon.pl/otworz.php?skrot=Syr%2035 https://biblia.deon.pl/otworz.php?skrot=Ps%20134 https://biblia.deon.pl/otworz.php?skrot=Dz%2014
135,1 Mch 1-2,Jon 1,Syr 36,Ps 135,Dz 15,Ap 6-7,30602,https://biblia.deon.pl/otworz.php?skrot=1%20Mch%201 https://biblia.deon.pl/otworz.php?skrot=1%20Mch%202 https://biblia.deon.pl/otworz.php?skrot=Jon%201 https://biblia.deon.pl/otworz.php?skrot=Syr%2036 https://biblia.deon.pl/otworz.php?skrot=Ps%20135 https://biblia.deon.pl/otworz.php?skrot=Dz%2015 https://biblia.deon.pl/otworz.php?skrot=Ap%206 https://biblia.deon.pl/otworz.php?skrot=Ap%207
136,1 Mch 3,Jon 2-4; Mi 1-3,Syr 37,Ps 136,Dz 16,Ap 8,28314,https://biblia.deon.pl/otworz.php?skrot=1%20Mch%203 https://biblia.deon.pl/otworz.php?skrot=Jon%202 https://biblia.deon.pl/otworz.php?skrot=Jon%203 https://biblia.deon.pl/otworz.php?skrot=Jon%204 https://biblia.deon.pl/otworz.php?skrot=Mi%201 https://biblia.deon.pl/otworz.php?skrot=Mi%202 https://biblia.deon.pl/otworz.php?skrot=Mi%203 https://biblia.deon.pl/otworz.php?skrot=Syr%2037 https://biblia.deon.pl/otworz.php?skrot=Ps%20136 https://biblia.deon.pl/otworz.php?skrot=Dz%2016 https://biblia.deon.pl/otworz.php?skrot=Ap%208
137,1 Mch 4-5,Mi 4,Syr 38,Ps 137,Dz 17,Ap 9,29778,https://biblia.deon.pl/otworz.php?skrot=1%20Mch%204 https://biblia.deon.pl/otworz.php?skrot=1%20Mch%205 https://biblia.deon.pl/otworz.php?skrot=Mi%204 https://biblia.deon.pl/otworz.php?skrot=Syr%2038 https://biblia.deon.pl/otworz.php?skrot=Ps%20137 https://biblia.deon.pl/otworz.php?skrot=Dz%2017 https://biblia.deon.pl/otworz.php?skrot=Ap%209
138,1 Mch 6-7,Mi 5-7,Syr 39,Ps 138,Dz 18,,29642,https://biblia.deon.pl/otworz.php?skrot=1%20Mch%206 https://biblia.deon.pl/otworz.php?skrot=1%20Mch%207 https://biblia.deon.pl/otworz.php?skrot=Mi%205 https://biblia.deon.pl/otworz.php?skrot=Mi%206 https://biblia.deon.pl/otworz.php?skrot=Mi%207 https://biblia.deon.pl/otworz.php?skrot=Syr%2039 https://biblia.deon.pl/otworz.php?skrot=Ps%20138 https://biblia.deon.pl/otworz.php?skrot=Dz%2018
139,1 Mch 8-9,Na 1-2,Syr 40,Ps 139,Dz 19,Ap 10,29232,https://biblia.deon.pl/otworz.php?skrot=1%20Mch%208 https://biblia.deon.pl/otworz.php?skrot=1%20Mch%209 https://biblia.deon.pl/otworz.php?skrot=Na%201 https://biblia.deon.pl/otworz.php?skrot=Na%202 https://biblia.deon.pl/otworz.php?skrot=Syr%2040 https://biblia.deon.pl/otworz.php?skrot=Ps%20139 https://biblia.deon.pl/otworz.php?skrot=Dz%2019 https://biblia.deon.pl/otworz.php?skrot=Ap%2010
140,1 Mch 10,Na 3; Ha 1-3,Syr 41,Ps 140,,Ap 11,28007,https://biblia.deon.pl/otworz.php?skrot=1%20Mch%2010 https://biblia.deon.pl/otworz.php?skrot=Na%203 https://biblia.deon.pl/otworz.php?skrot=Ha%201 https://biblia.deon.pl/otworz.php?skrot=Ha%202 https://biblia.deon.pl/otworz.php?skrot=Ha%203 https://biblia.deon.pl/otworz.php?skrot=Syr%2041 https://biblia.deon.pl/otworz.php?skrot=Ps%20140 https://biblia.deon.pl/otworz.php?skrot=Ap%2011
141,1 Mch 11,So 1-2,Syr 42,Ps 141,Dz 20,Ap 12-13,27704,https://biblia.deon.pl/otworz.php?skrot=1%20Mch%2011 https://biblia.deon.pl/otworz.php?skrot=So%201 https://biblia.deon.pl/otworz.php?skrot=So%202 https://biblia.deon.pl/otworz.php?skrot=Syr%2042 https://biblia.deon.pl/otworz.php?skrot=Ps%20141 https://biblia.deon.pl/otworz.php?skrot=Dz%2020 https://biblia.deon.pl/otworz.php?skrot=Ap%2012 https://biblia.deon.pl/otworz.php?skrot=Ap%2013
142,1 Mch 12-13,So 3,Syr 43,Ps 142,Dz 21,Ap 14,28808,https://biblia.deon.pl/otworz.php?skrot=1%20Mch%2012 https://biblia.deon.pl/otworz.php?skrot=1%20Mch%2013 https://biblia.deon.pl/otworz.php?skrot=So%203 https://biblia.deon.pl/otworz.php?skrot=Syr%2043 https://biblia.deon.pl/otworz.php?skrot=Ps%20142 https://biblia.deon.pl/otworz.php?skrot=Dz%2021 https://biblia.deon.pl/otworz.php?skrot=Ap%2014
143,1 Mch 14-15,Ag 1-2,Syr 44,Ps 143,Dz 22,Ap 15-16,29129,https://biblia.deon.pl/otworz.php?skrot=1%20Mch%2014 https://biblia.deon.pl/otworz.php?skrot=1%20Mch%2015 https://biblia.deon.pl/otworz.php?skrot=Ag%201 https://biblia.deon.pl/otworz.php?skrot=Ag%202 https://biblia.deon.pl/otworz.php?skrot=Syr%2044 https://biblia.deon.pl/otworz.php?skrot=Ps%20143 https://biblia.deon.pl/otworz.php?skrot=Dz%2022 https://biblia.deon.pl/otworz.php?skrot=Ap%2015 https://biblia.deon.pl/otworz.php?skrot=Ap%2016
144,1 Mch 16; 2 Mch 1,Za 1-5,Syr 45,Ps 144,Dz 23,Ap 17,29187,https://biblia.deon.pl/otworz.php?skrot=1%20Mch%2016 https://biblia.deon.pl/otworz.php?skrot=2%20Mch%201 https://biblia.deon.pl/otworz.php?skrot=Za%201 https://biblia.deon.pl/otworz.php?skrot=Za%202 https://biblia.deon.pl/otworz.php?skrot=Za%203 https://biblia.deon.pl/otworz.php?skrot=Za%204 https://biblia.deon.pl/otworz.php?skrot=Za%205 https://biblia.deon.pl/otworz.php?skrot=Syr%2045 https://biblia.deon.pl/otworz.php?skrot=Ps%20144 https://biblia.deon.pl/otworz.php?skrot=Dz%2023 https://biblia.deon.pl/otworz.php?skrot=Ap%2017
145,2 Mch 2-4,Za 6-7,Syr 46,Ps 145,Dz 24,,29500,https://biblia.deon.pl/otworz.php?skrot=2%20Mch%202 https://biblia.deon.pl/otworz.php?skrot=2%20Mch%203 https://biblia.deon.pl/otworz.php?skrot=2%20Mch%204 https://biblia.deon.pl/otworz.php?skrot=Za%206 https://biblia.deon.pl/otworz.php?skrot=Za%207 https://biblia.deon.pl/otworz.php?skrot=Syr%2046 https://biblia.deon.pl/otworz.php?skrot=Ps%20145 https://biblia.deon.pl/otworz.php?skrot=Dz%2024
146,2 Mch 5-7,Za 8,Syr 47,Ps 146,,Ap 18-19,28952,https://biblia.deon.pl/otworz.php?skrot=2%20Mch%205 https://biblia.deon.pl/otworz.php?skrot=2%20Mch%206 https://biblia.deon.pl/otworz.php?skrot=2%20Mch%207 https://biblia.deon.pl/otworz.php?skrot=Za%208 https://biblia.deon.pl/otworz.php?skrot=Syr%2047 https://biblia.deon.pl/otworz.php?skrot=Ps%20146 https://biblia.deon.pl/otworz.php?skrot=Ap%2018 https://biblia.deon.pl/otworz.php?skrot=Ap%2019
147,2 Mch 8,Za 9-12,Syr 48,Ps 147,Dz 25-26,Ap 20,28284,https://biblia.deon.pl/otworz.php?skrot=2%20Mch%208 https://biblia.deon.pl/otworz.php?skrot=Za%209 https://biblia.deon.pl/otworz.php?skrot=Za%2010 https://biblia.deon.pl/otworz.php?skrot=Za%2011 https://biblia.deon.pl/otworz.php?skrot=Za%2012 https://biblia.deon.pl/otworz.php?skrot=Syr%2048 https://biblia.deon.pl/otworz.php?skrot=Ps%20147 https://biblia.deon.pl/otworz.php?skrot=Dz%2025 https://biblia.deon.pl/otworz.php?skrot=Dz%2026 https://biblia.deon.pl/otworz.php?skrot=Ap%2020
148,2 Mch 9-11,Za 13-14; Ml 1,Syr 49,Ps 148,,,26384,https://biblia.deon.pl/otworz.php?skrot=2%20Mch%209 https://biblia.deon.pl/otworz.php?skrot=2%20Mch%2010 https://biblia.deon.pl/otworz.php?skrot=2%20Mch%2011 https://biblia.deon.pl/otworz.php?skrot=Za%2013 https://biblia.deon.pl/otworz.php?skrot=Za%2014 https://biblia.deon.pl/otworz.php?skrot=Ml%201 https://biblia.deon.pl/otworz.php?skrot=Syr%2049 https://biblia.deon.pl/otworz.php?skrot=Ps%20148
149,2 Mch 12-13,Ml 2,Syr 50,Ps 149,Dz 27,Ap 21,26493,https://biblia.deon.pl/otworz.php?skrot=2%20Mch%2012 https://biblia.deon.pl/otworz.php?skrot=2%20Mch%2013 https://biblia.deon.pl/otworz.php?skrot=Ml%202 https://biblia.deon.pl/otworz.php?skrot=Syr%2050 https://biblia.deon.pl/otworz.php?skrot=Ps%20149 https://biblia.deon.pl/otworz.php?skrot=Dz%2027 https://biblia.deon.pl/otworz.php?skrot=Ap%2021
150,2 Mch 14-15,Ml 3,Syr 51,Ps 150,Dz 28,Ap 22,27060,https://biblia.deon.pl/otworz.php?skrot=2%20Mch%2014 https://biblia.deon.pl/otworz.php?skrot=2%20Mch%2015 https://biblia.deon.pl/otworz.php?skrot=Ml%203 https://biblia.deon.pl/otworz.php?skrot=Syr%2051 https://biblia.deon.pl/otworz.php?skrot=Ps%20150 https://biblia.deon.pl/otworz.php?skrot=Dz%2028 https://biblia.deon.pl/otworz.php?skrot=Ap%2022
